,Adresse,Købesum,Salgsdato,Salgstype,href,hrefbbr,geo_code,geo_location_raw,kommunenummer,boligtype,køkkenforhold,anvendelse,badeforhold,enhedsareal,antal_badeværelser,beboelsesareal,toiletforhold,værelser,antal_toiletter,energikode
0," Nørre Søgade 37A, 4. 4 1370 København K ",977500.0,2022-09-01, Handelstype Familieoverdragelse,https://www.boliga.dk//salg/info/101/976394/60CF6309-6116-404C-8D9B-C528763905C9,https://www.boliga.dk//bbrinfo/60cf6309-6116-404c-8d9b-c528763905c9,"(55.68255117, 12.56223704)","Nørre Søgade 37A, 1. 1, 1370 København K",0101,Egentlig beboelseslejlighed,Eget køkken med afløb,"Bolig i etageejendom, flerfamiliehus eller to-familiehus",Badeværelse i enheden,42, 1,42,Vandskyllende toilet i enheden,1, 1,-
2," Nørre Søgade 37B, 5. 3 1370 København K ",2200000.0,2022-08-01, Handelstype Alm. frit salg,https://www.boliga.dk//salg/info/101/976793/8684F0D5-98EC-4ACE-B5AD-6D89F434F807,https://www.boliga.dk//bbrinfo/8684f0d5-98ec-4ace-b5ad-6d89f434f807,"(55.68240579, 12.5621062)","Nørre Søgade 37B, 1. 1, 1370 København K",0101,Egentlig beboelseslejlighed,Eget køkken med afløb,"Bolig i etageejendom, flerfamiliehus eller to-familiehus",Badeværelse i enheden,38, 1,38,Vandskyllende toilet i enheden,1, 1,-
3," Nørre Søgade 37B, 5. 3 1370 København K ",1600000.0,2008-07-02, Handelstype Alm. frit salg,https://www.boliga.dk//salg/info/101/976793/8684F0D5-98EC-4ACE-B5AD-6D89F434F807,https://www.boliga.dk//bbrinfo/8684f0d5-98ec-4ace-b5ad-6d89f434f807,"(55.68240579, 12.5621062)","Nørre Søgade 37B, 1. 1, 1370 København K",0101,Egentlig beboelseslejlighed,Eget køkken med afløb,"Bolig i etageejendom, flerfamiliehus eller to-familiehus",Badeværelse i enheden,38, 1,38,Vandskyllende toilet i enheden,1, 1,-
6," Nørre Søgade 37B, 6. 3 1370 København K ",2200000.0,2022-08-02, Handelstype Alm. frit salg,https://www.boliga.dk//salg/info/101/976858/C60AC346-F4C1-4CF2-85EB-1058A6B8D988,https://www.boliga.dk//bbrinfo/c60ac346-f4c1-4cf2-85eb-1058a6b8d988,"(55.68240579, 12.5621062)","Nørre Søgade 37B, 1. 1, 1370 København K",0101,Egentlig beboelseslejlighed,Eget køkken med afløb,"Bolig i etageejendom, flerfamiliehus eller to-familiehus",Badeværelse i enheden,33, 1,33,Vandskyllende toilet i enheden,1, 1,-
7," Nørre Søgade 37B, 6. 3 1370 København K ",987524.0,2020-06-30, Handelstype Familieoverdragelse,https://www.boliga.dk//salg/info/101/976858/C60AC346-F4C1-4CF2-85EB-1058A6B8D988,https://www.boliga.dk//bbrinfo/c60ac346-f4c1-4cf2-85eb-1058a6b8d988,"(55.68240579, 12.5621062)","Nørre Søgade 37B, 1. 1, 1370 København K",0101,Egentlig beboelseslejlighed,Eget køkken med afløb,"Bolig i etageejendom, flerfamiliehus eller to-familiehus",Badeværelse i enheden,33, 1,33,Vandskyllende toilet i enheden,1, 1,-
8," Nørre Søgade 37B, 6. 3 1370 København K ",1275000.0,2012-04-01, Handelstype Alm. frit salg,https://www.boliga.dk//salg/info/101/976858/C60AC346-F4C1-4CF2-85EB-1058A6B8D988,https://www.boliga.dk//bbrinfo/c60ac346-f4c1-4cf2-85eb-1058a6b8d988,"(55.68240579, 12.5621062)","Nørre Søgade 37B, 1. 1, 1370 København K",0101,Egentlig beboelseslejlighed,Eget køkken med afløb,"Bolig i etageejendom, flerfamiliehus eller to-familiehus",Badeværelse i enheden,33, 1,33,Vandskyllende toilet i enheden,1, 1,-
13," Nørre Søgade 37C, 3. 4 1370 København K ",3440000.0,2022-09-01, Handelstype Alm. frit salg,https://www.boliga.dk//salg/info/101/977048/6E8EBD58-06A1-4672-AF47-ED38EA590284,https://www.boliga.dk//bbrinfo/6e8ebd58-06a1-4672-af47-ed38ea590284,"(55.68234592, 12.56196324)","Nørre Søgade 37C, 1. 1, 1370 København K",0101,Egentlig beboelseslejlighed,Eget køkken med afløb,"Bolig i etageejendom, flerfamiliehus eller to-familiehus",Badeværelse i enheden,57, 1,57,Vandskyllende toilet i enheden,3, 1,-
14," Nørre Søgade 37C, 3. 4 1370 København K ",1505000.0,2018-07-05, Handelstype Familieoverdragelse,https://www.boliga.dk//salg/info/101/977048/6E8EBD58-06A1-4672-AF47-ED38EA590284,https://www.boliga.dk//bbrinfo/6e8ebd58-06a1-4672-af47-ed38ea590284,"(55.68234592, 12.56196324)","Nørre Søgade 37C, 1. 1, 1370 København K",0101,Egentlig beboelseslejlighed,Eget køkken med afløb,"Bolig i etageejendom, flerfamiliehus eller to-familiehus",Badeværelse i enheden,57, 1,57,Vandskyllende toilet i enheden,3, 1,-
15," Nørre Søgade 37C, 3. 4 1370 København K ",1395000.0,2009-07-01, Handelstype Alm. frit salg,https://www.boliga.dk//salg/info/101/977048/6E8EBD58-06A1-4672-AF47-ED38EA590284,https://www.boliga.dk//bbrinfo/6e8ebd58-06a1-4672-af47-ed38ea590284,"(55.68234592, 12.56196324)","Nørre Søgade 37C, 1. 1, 1370 København K",0101,Egentlig beboelseslejlighed,Eget køkken med afløb,"Bolig i etageejendom, flerfamiliehus eller to-familiehus",Badeværelse i enheden,57, 1,57,Vandskyllende toilet i enheden,3, 1,-
21," Nørre Søgade 37C, 2. 1 1370 København K ",2700000.0,2021-11-09, Handelstype Alm. frit salg,https://www.boliga.dk//salg/info/101/976955/6A3C492A-F5A2-4AB0-AA67-B2D565DB8D5C,https://www.boliga.dk//bbrinfo/6a3c492a-f5a2-4ab0-aa67-b2d565db8d5c,"(55.68234592, 12.56196324)","Nørre Søgade 37C, 1. 1, 1370 København K",0101,Egentlig beboelseslejlighed,Eget køkken med afløb,"Bolig i etageejendom, flerfamiliehus eller to-familiehus",Badeværelse i enheden,52, 1,52,Vandskyllende toilet i enheden,1, 1,-
24," Nørre Søgade 37B, 2. 3 1370 København K ",2150000.0,2021-06-02, Handelstype Alm. frit salg,https://www.boliga.dk//salg/info/101/976629/C4886BD3-4041-4A61-A0CD-011E36B8945E,https://www.boliga.dk//bbrinfo/c4886bd3-4041-4a61-a0cd-011e36b8945e,"(55.68240579, 12.5621062)","Nørre Søgade 37B, 1. 1, 1370 København K",0101,Egentlig beboelseslejlighed,Eget køkken med afløb,"Bolig i etageejendom, flerfamiliehus eller to-familiehus",Badeværelse i enheden,38, 1,38,Vandskyllende toilet i enheden,1, 1,-
25," Nørre Søgade 37B, 2. 3 1370 København K ",1800000.0,2016-08-02, Handelstype Alm. frit salg,https://www.boliga.dk//salg/info/101/976629/C4886BD3-4041-4A61-A0CD-011E36B8945E,https://www.boliga.dk//bbrinfo/c4886bd3-4041-4a61-a0cd-011e36b8945e,"(55.68240579, 12.5621062)","Nørre Søgade 37B, 1. 1, 1370 København K",0101,Egentlig beboelseslejlighed,Eget køkken med afløb,"Bolig i etageejendom, flerfamiliehus eller to-familiehus",Badeværelse i enheden,38, 1,38,Vandskyllende toilet i enheden,1, 1,-
27," Nørre Søgade 37B, 6. 5 1370 København K ",3400000.0,2021-06-01, Handelstype Alm. frit salg,https://www.boliga.dk//salg/info/101/976874/083F21D7-E8F0-4EDD-AE5F-C1CF6B279D94,https://www.boliga.dk//bbrinfo/083f21d7-e8f0-4edd-ae5f-c1cf6b279d94,"(55.68240579, 12.5621062)","Nørre Søgade 37B, 1. 1, 1370 København K",0101,Egentlig beboelseslejlighed,Eget køkken med afløb,"Bolig i etageejendom, flerfamiliehus eller to-familiehus",Badeværelse i enheden,55, 1,55,Vandskyllende toilet i enheden,2, 1,-
28," Nørre Søgade 37B, 6. 5 1370 København K ",2115000.0,2015-08-02, Handelstype Alm. frit salg,https://www.boliga.dk//salg/info/101/976874/083F21D7-E8F0-4EDD-AE5F-C1CF6B279D94,https://www.boliga.dk//bbrinfo/083f21d7-e8f0-4edd-ae5f-c1cf6b279d94,"(55.68240579, 12.5621062)","Nørre Søgade 37B, 1. 1, 1370 København K",0101,Egentlig beboelseslejlighed,Eget køkken med afløb,"Bolig i etageejendom, flerfamiliehus eller to-familiehus",Badeværelse i enheden,55, 1,55,Vandskyllende toilet i enheden,2, 1,-
29," Nørre Søgade 37B, 6. 5 1370 København K ",1725000.0,2015-06-02, Handelstype Familieoverdragelse,https://www.boliga.dk//salg/info/101/976874/083F21D7-E8F0-4EDD-AE5F-C1CF6B279D94,https://www.boliga.dk//bbrinfo/083f21d7-e8f0-4edd-ae5f-c1cf6b279d94,"(55.68240579, 12.5621062)","Nørre Søgade 37B, 1. 1, 1370 København K",0101,Egentlig beboelseslejlighed,Eget køkken med afløb,"Bolig i etageejendom, flerfamiliehus eller to-familiehus",Badeværelse i enheden,55, 1,55,Vandskyllende toilet i enheden,2, 1,-
30," Nørre Søgade 37B, 6. 5 1370 København K ",2014644.0,2008-07-01, Handelstype Alm. frit salg,https://www.boliga.dk//salg/info/101/976874/083F21D7-E8F0-4EDD-AE5F-C1CF6B279D94,https://www.boliga.dk//bbrinfo/083f21d7-e8f0-4edd-ae5f-c1cf6b279d94,"(55.68240579, 12.5621062)","Nørre Søgade 37B, 1. 1, 1370 København K",0101,Egentlig beboelseslejlighed,Eget køkken med afløb,"Bolig i etageejendom, flerfamiliehus eller to-familiehus",Badeværelse i enheden,55, 1,55,Vandskyllende toilet i enheden,2, 1,-
34," Nørre Søgade 37C, 2. 4 1370 København K ",1782500.0,2021-10-10, Handelstype Familieoverdragelse,https://www.boliga.dk//salg/info/101/976998/90641373-4B32-4251-BF76-A7A838C3C1B5,https://www.boliga.dk//bbrinfo/90641373-4b32-4251-bf76-a7a838c3c1b5,"(55.68234592, 12.56196324)","Nørre Søgade 37C, 1. 1, 1370 København K",0101,Egentlig beboelseslejlighed,Eget køkken med afløb,"Bolig i etageejendom, flerfamiliehus eller to-familiehus",Badeværelse i enheden,57, 1,57,Vandskyllende toilet i enheden,2, 1,-
35," Nørre Søgade 37C, 2. 4 1370 København K ",1900000.0,2014-12-07, Handelstype Alm. frit salg,https://www.boliga.dk//salg/info/101/976998/90641373-4B32-4251-BF76-A7A838C3C1B5,https://www.boliga.dk//bbrinfo/90641373-4b32-4251-bf76-a7a838c3c1b5,"(55.68234592, 12.56196324)","Nørre Søgade 37C, 1. 1, 1370 København K",0101,Egentlig beboelseslejlighed,Eget køkken med afløb,"Bolig i etageejendom, flerfamiliehus eller to-familiehus",Badeværelse i enheden,57, 1,57,Vandskyllende toilet i enheden,2, 1,-
39," Nørre Søgade 37C, 3. 2 1370 København K ",1081000.0,2021-08-01, Handelstype Familieoverdragelse,https://www.boliga.dk//salg/info/101/977013/12ECB6FE-4C4B-4E03-8549-EC656F786B0A,https://www.boliga.dk//bbrinfo/12ecb6fe-4c4b-4e03-8549-ec656f786b0a,"(55.68234592, 12.56196324)","Nørre Søgade 37C, 1. 1, 1370 København K",0101,Egentlig beboelseslejlighed,Eget køkken med afløb,"Bolig i etageejendom, flerfamiliehus eller to-familiehus",Badeværelse i enheden,39, 1,39,Vandskyllende toilet i enheden,1, 1,-
40," Nørre Søgade 37C, 3. 2 1370 København K ",1370000.0,2014-04-02, Handelstype Alm. frit salg,https://www.boliga.dk//salg/info/101/977013/12ECB6FE-4C4B-4E03-8549-EC656F786B0A,https://www.boliga.dk//bbrinfo/12ecb6fe-4c4b-4e03-8549-ec656f786b0a,"(55.68234592, 12.56196324)","Nørre Søgade 37C, 1. 1, 1370 København K",0101,Egentlig beboelseslejlighed,Eget køkken med afløb,"Bolig i etageejendom, flerfamiliehus eller to-familiehus",Badeværelse i enheden,39, 1,39,Vandskyllende toilet i enheden,1, 1,-
41," Nørre Søgade 37C, 3. 2 1370 København K ",1220000.0,2013-01-01, Handelstype Alm. frit salg,https://www.boliga.dk//salg/info/101/977013/12ECB6FE-4C4B-4E03-8549-EC656F786B0A,https://www.boliga.dk//bbrinfo/12ecb6fe-4c4b-4e03-8549-ec656f786b0a,"(55.68234592, 12.56196324)","Nørre Søgade 37C, 1. 1, 1370 København K",0101,Egentlig beboelseslejlighed,Eget køkken med afløb,"Bolig i etageejendom, flerfamiliehus eller to-familiehus",Badeværelse i enheden,39, 1,39,Vandskyllende toilet i enheden,1, 1,-
45," Nørre Søgade 37C, 5. 1 1370 København K ",2595000.0,2021-09-02, Handelstype Familieoverdragelse,https://www.boliga.dk//salg/info/101/977099/59F154AC-9FFB-482A-BADE-2FCE3AE8F378,https://www.boliga.dk//bbrinfo/59f154ac-9ffb-482a-bade-2fce3ae8f378,"(55.68234592, 12.56196324)","Nørre Søgade 37C, 1. 1, 1370 København K",0101,Egentlig beboelseslejlighed,Eget køkken med afløb,"Bolig i etageejendom, flerfamiliehus eller to-familiehus",Badeværelse i enheden,52, 1,52,Vandskyllende toilet i enheden,1, 1,-
46," Nørre Søgade 37C, 5. 1 1370 København K ",2595000.0,2020-01-01, Handelstype Alm. frit salg,https://www.boliga.dk//salg/info/101/977099/59F154AC-9FFB-482A-BADE-2FCE3AE8F378,https://www.boliga.dk//bbrinfo/59f154ac-9ffb-482a-bade-2fce3ae8f378,"(55.68234592, 12.56196324)","Nørre Søgade 37C, 1. 1, 1370 København K",0101,Egentlig beboelseslejlighed,Eget køkken med afløb,"Bolig i etageejendom, flerfamiliehus eller to-familiehus",Badeværelse i enheden,52, 1,52,Vandskyllende toilet i enheden,1, 1,-
48," Nørre Søgade 9A, 2. tv 1370 København K ",9600000.0,2021-09-02, Handelstype Alm. frit salg,https://www.boliga.dk//salg/info/101/410986/79D23CD8-019E-4D1C-B567-2F2C532CE65E,https://www.boliga.dk//bbrinfo/79d23cd8-019e-4d1c-b567-2f2c532ce65e,"(55.68500937, 12.56448226)","Nørre Søgade 9A, kl., 1370 København K",0101,Egentlig beboelseslejlighed,Eget køkken med afløb,"Bolig i etageejendom, flerfamiliehus eller to-familiehus",Badeværelse i enheden,151, 1,151,Vandskyllende toilet i enheden,4, 2,-
49," Nørre Søgade 9A, 2. tv 1370 København K ",3900000.0,2010-01-02, Handelstype Alm. frit salg,https://www.boliga.dk//salg/info/101/410986/79D23CD8-019E-4D1C-B567-2F2C532CE65E,https://www.boliga.dk//bbrinfo/79d23cd8-019e-4d1c-b567-2f2c532ce65e,"(55.68500937, 12.56448226)","Nørre Søgade 9A, kl., 1370 København K",0101,Egentlig beboelseslejlighed,Eget køkken med afløb,"Bolig i etageejendom, flerfamiliehus eller to-familiehus",Badeværelse i enheden,151, 1,151,Vandskyllende toilet i enheden,4, 2,-
51," Nørre Søgade 37B, 1. 1 1370 København K ",2225000.0,2021-01-02, Handelstype Alm. frit salg,https://www.boliga.dk//salg/info/101/976556/00E1DDA7-647F-4AC2-937A-CAB663751513,https://www.boliga.dk//bbrinfo/00e1dda7-647f-4ac2-937a-cab663751513,"(55.68240579, 12.5621062)","Nørre Søgade 37B, 1. 1, 1370 København K",0101,Egentlig beboelseslejlighed,Eget køkken med afløb,"Bolig i etageejendom, flerfamiliehus eller to-familiehus",Badeværelse i enheden,38, 1,38,Vandskyllende toilet i enheden,1, 1,-
52," Nørre Søgade 37B, 1. 1 1370 København K ",1700000.0,2019-08-01, Handelstype Alm. frit salg,https://www.boliga.dk//salg/info/101/976556/00E1DDA7-647F-4AC2-937A-CAB663751513,https://www.boliga.dk//bbrinfo/00e1dda7-647f-4ac2-937a-cab663751513,"(55.68240579, 12.5621062)","Nørre Søgade 37B, 1. 1, 1370 København K",0101,Egentlig beboelseslejlighed,Eget køkken med afløb,"Bolig i etageejendom, flerfamiliehus eller to-familiehus",Badeværelse i enheden,38, 1,38,Vandskyllende toilet i enheden,1, 1,-
53," Nørre Søgade 37B, 1. 1 1370 København K ",1375000.0,2007-01-01, Handelstype Alm. frit salg,https://www.boliga.dk//salg/info/101/976556/00E1DDA7-647F-4AC2-937A-CAB663751513,https://www.boliga.dk//bbrinfo/00e1dda7-647f-4ac2-937a-cab663751513,"(55.68240579, 12.5621062)","Nørre Søgade 37B, 1. 1, 1370 København K",0101,Egentlig beboelseslejlighed,Eget køkken med afløb,"Bolig i etageejendom, flerfamiliehus eller to-familiehus",Badeværelse i enheden,38, 1,38,Vandskyllende toilet i enheden,1, 1,-
56," Nørre Søgade 37B, 5. 5 1370 København K ",3495000.0,2021-08-01, Handelstype Alm. frit salg,https://www.boliga.dk//salg/info/101/976815/E115C13E-AF0E-4FFA-9ACB-7BF5D30A8700,https://www.boliga.dk//bbrinfo/e115c13e-af0e-4ffa-9acb-7bf5d30a8700,"(55.68240579, 12.5621062)","Nørre Søgade 37B, 1. 1, 1370 København K",0101,Egentlig beboelseslejlighed,Eget køkken med afløb,"Bolig i etageejendom, flerfamiliehus eller to-familiehus",Badeværelse i enheden,55, 1,55,Vandskyllende toilet i enheden,2, 1,-
59," Nørre Søgade 37A, 1. 4 1370 København K ",2750000.0,2021-05-01, Handelstype Alm. frit salg,https://www.boliga.dk//salg/info/101/976238/6EEA3632-63D5-4656-BCA0-D01BAC113D57,https://www.boliga.dk//bbrinfo/6eea3632-63d5-4656-bca0-d01bac113d57,"(55.68255117, 12.56223704)","Nørre Søgade 37A, 1. 1, 1370 København K",0101,Egentlig beboelseslejlighed,Eget køkken med afløb,"Bolig i etageejendom, flerfamiliehus eller to-familiehus",Badeværelse i enheden,42, 1,42,Vandskyllende toilet i enheden,1, 1,-
60," Nørre Søgade 37A, 1. 4 1370 København K ",1950000.0,2019-03-01, Handelstype Alm. frit salg,https://www.boliga.dk//salg/info/101/976238/6EEA3632-63D5-4656-BCA0-D01BAC113D57,https://www.boliga.dk//bbrinfo/6eea3632-63d5-4656-bca0-d01bac113d57,"(55.68255117, 12.56223704)","Nørre Søgade 37A, 1. 1, 1370 København K",0101,Egentlig beboelseslejlighed,Eget køkken med afløb,"Bolig i etageejendom, flerfamiliehus eller to-familiehus",Badeværelse i enheden,42, 1,42,Vandskyllende toilet i enheden,1, 1,-
61," Nørre Søgade 37A, 1. 4 1370 København K ",1100000.0,2010-08-06, Handelstype Alm. frit salg,https://www.boliga.dk//salg/info/101/976238/6EEA3632-63D5-4656-BCA0-D01BAC113D57,https://www.boliga.dk//bbrinfo/6eea3632-63d5-4656-bca0-d01bac113d57,"(55.68255117, 12.56223704)","Nørre Søgade 37A, 1. 1, 1370 København K",0101,Egentlig beboelseslejlighed,Eget køkken med afløb,"Bolig i etageejendom, flerfamiliehus eller to-familiehus",Badeværelse i enheden,42, 1,42,Vandskyllende toilet i enheden,1, 1,-
65," Nørre Søgade 19, 3. tv 1370 København K ",1850000.0,2021-03-01, Handelstype Alm. frit salg,https://www.boliga.dk//salg/info/101/793419/DBE612D2-FC40-4F9D-BAE8-3032ACF0D790,https://www.boliga.dk//bbrinfo/dbe612d2-fc40-4f9d-bae8-3032acf0d790,"(55.68450046, 12.56392772)","Nørre Søgade 19, 1. th, 1370 København K",0101,Egentlig beboelseslejlighed,Eget køkken med afløb,"Bolig i etageejendom, flerfamiliehus eller to-familiehus",Badeværelse i enheden,136, 1,136,Vandskyllende toilet i enheden,5, 1,-
66," Nørre Søgade 19, 3. tv 1370 København K ",3700000.0,2012-06-02, Handelstype Alm. frit salg,https://www.boliga.dk//salg/info/101/793419/DBE612D2-FC40-4F9D-BAE8-3032ACF0D790,https://www.boliga.dk//bbrinfo/dbe612d2-fc40-4f9d-bae8-3032acf0d790,"(55.68450046, 12.56392772)","Nørre Søgade 19, 1. th, 1370 København K",0101,Egentlig beboelseslejlighed,Eget køkken med afløb,"Bolig i etageejendom, flerfamiliehus eller to-familiehus",Badeværelse i enheden,136, 1,136,Vandskyllende toilet i enheden,5, 1,-
69," Nørre Søgade 37A, 2. 1 1370 København K ",3500000.0,2021-02-01, Handelstype Alm. frit salg,https://www.boliga.dk//salg/info/101/976254/6F7CCF76-E250-4FFC-AAEE-D55D76F9B05C,https://www.boliga.dk//bbrinfo/6f7ccf76-e250-4ffc-aaee-d55d76f9b05c,"(55.68255117, 12.56223704)","Nørre Søgade 37A, 1. 1, 1370 København K",0101,Egentlig beboelseslejlighed,Eget køkken med afløb,"Bolig i etageejendom, flerfamiliehus eller to-familiehus",Badeværelse i enheden,55, 1,55,Vandskyllende toilet i enheden,2, 1,-
72," Nørre Søgade 37C, 1. 1 1370 København K ",2800000.0,2021-06-01, Handelstype Alm. frit salg,https://www.boliga.dk//salg/info/101/976912/159FF284-F9D0-4D4C-8F6A-D38F22C0CABD,https://www.boliga.dk//bbrinfo/159ff284-f9d0-4d4c-8f6a-d38f22c0cabd,"(55.68234592, 12.56196324)","Nørre Søgade 37C, 1. 1, 1370 København K",0101,Egentlig beboelseslejlighed,Eget køkken med afløb,"Bolig i etageejendom, flerfamiliehus eller to-familiehus",Badeværelse i enheden,52, 1,52,Vandskyllende toilet i enheden,1, 1,-
73," Nørre Søgade 37C, 1. 1 1370 København K ",1495000.0,2014-08-01, Handelstype Alm. frit salg,https://www.boliga.dk//salg/info/101/976912/159FF284-F9D0-4D4C-8F6A-D38F22C0CABD,https://www.boliga.dk//bbrinfo/159ff284-f9d0-4d4c-8f6a-d38f22c0cabd,"(55.68234592, 12.56196324)","Nørre Søgade 37C, 1. 1, 1370 København K",0101,Egentlig beboelseslejlighed,Eget køkken med afløb,"Bolig i etageejendom, flerfamiliehus eller to-familiehus",Badeværelse i enheden,52, 1,52,Vandskyllende toilet i enheden,1, 1,-
74," Nørre Søgade 37C, 1. 1 1370 København K ",1033000.0,2010-08-01, Handelstype Alm. frit salg,https://www.boliga.dk//salg/info/101/976912/159FF284-F9D0-4D4C-8F6A-D38F22C0CABD,https://www.boliga.dk//bbrinfo/159ff284-f9d0-4d4c-8f6a-d38f22c0cabd,"(55.68234592, 12.56196324)","Nørre Søgade 37C, 1. 1, 1370 København K",0101,Egentlig beboelseslejlighed,Eget køkken med afløb,"Bolig i etageejendom, flerfamiliehus eller to-familiehus",Badeværelse i enheden,52, 1,52,Vandskyllende toilet i enheden,1, 1,-
76," Nørre Søgade 37C, 1. 4 1370 København K ",3295000.0,2021-03-10, Handelstype Alm. frit salg,https://www.boliga.dk//salg/info/101/976947/DBB76B28-A34E-4EA2-BD1C-0F28CDF34785,https://www.boliga.dk//bbrinfo/dbb76b28-a34e-4ea2-bd1c-0f28cdf34785,"(55.68234592, 12.56196324)","Nørre Søgade 37C, 1. 1, 1370 København K",0101,Egentlig beboelseslejlighed,Eget køkken med afløb,"Bolig i etageejendom, flerfamiliehus eller to-familiehus",Badeværelse i enheden,57, 1,57,Vandskyllende toilet i enheden,2, 1,-
79," Nørre Søgade 37A, 3. 1 1370 København K ",1323000.0,2021-03-02, Handelstype Familieoverdragelse,https://www.boliga.dk//salg/info/101/976300/8162E05E-9F10-4212-B8E5-28F6B7132F9B,https://www.boliga.dk//bbrinfo/8162e05e-9f10-4212-b8e5-28f6b7132f9b,"(55.68255117, 12.56223704)","Nørre Søgade 37A, 1. 1, 1370 København K",0101,Egentlig beboelseslejlighed,Eget køkken med afløb,"Bolig i etageejendom, flerfamiliehus eller to-familiehus",Badeværelse i enheden,55, 1,55,Vandskyllende toilet i enheden,2, 1,-
80," Nørre Søgade 37A, 3. 1 1370 København K ",2700000.0,2020-03-01, Handelstype Alm. frit salg,https://www.boliga.dk//salg/info/101/976300/8162E05E-9F10-4212-B8E5-28F6B7132F9B,https://www.boliga.dk//bbrinfo/8162e05e-9f10-4212-b8e5-28f6b7132f9b,"(55.68255117, 12.56223704)","Nørre Søgade 37A, 1. 1, 1370 København K",0101,Egentlig beboelseslejlighed,Eget køkken med afløb,"Bolig i etageejendom, flerfamiliehus eller to-familiehus",Badeværelse i enheden,55, 1,55,Vandskyllende toilet i enheden,2, 1,-
82," Nørre Søgade 37B, 3. 5 1370 København K ",2985000.0,2021-08-01, Handelstype Alm. frit salg,https://www.boliga.dk//salg/info/101/976718/29CDED39-960F-44AF-9093-A966CF2BCC98,https://www.boliga.dk//bbrinfo/29cded39-960f-44af-9093-a966cf2bcc98,"(55.68240579, 12.5621062)","Nørre Søgade 37B, 1. 1, 1370 København K",0101,Egentlig beboelseslejlighed,Eget køkken med afløb,"Bolig i etageejendom, flerfamiliehus eller to-familiehus",Badeværelse i enheden,55, 1,55,Vandskyllende toilet i enheden,2, 1,-
85," Nørre Søgade 9A, 1. tv 1370 København K ",7300000.0,2021-06-01, Handelstype Alm. frit salg,https://www.boliga.dk//salg/info/101/410943/4D0F2863-12EB-4F9F-8A84-E0A358ACB5BF,https://www.boliga.dk//bbrinfo/4d0f2863-12eb-4f9f-8a84-e0a358acb5bf,"(55.68500937, 12.56448226)","Nørre Søgade 9A, kl., 1370 København K",0101,Egentlig beboelseslejlighed,Eget køkken med afløb,"Bolig i etageejendom, flerfamiliehus eller to-familiehus",Badeværelse i enheden,151, 1,151,Vandskyllende toilet i enheden,4, 1,-
86," Nørre Søgade 9A, 1. tv 1370 København K ",4600000.0,2014-01-10, Handelstype Alm. frit salg,https://www.boliga.dk//salg/info/101/410943/4D0F2863-12EB-4F9F-8A84-E0A358ACB5BF,https://www.boliga.dk//bbrinfo/4d0f2863-12eb-4f9f-8a84-e0a358acb5bf,"(55.68500937, 12.56448226)","Nørre Søgade 9A, kl., 1370 København K",0101,Egentlig beboelseslejlighed,Eget køkken med afløb,"Bolig i etageejendom, flerfamiliehus eller to-familiehus",Badeværelse i enheden,151, 1,151,Vandskyllende toilet i enheden,4, 1,-
87," Nørre Søgade 9A, 1. tv 1370 København K ",4700000.0,2007-09-06, Handelstype Alm. frit salg,https://www.boliga.dk//salg/info/101/410943/4D0F2863-12EB-4F9F-8A84-E0A358ACB5BF,https://www.boliga.dk//bbrinfo/4d0f2863-12eb-4f9f-8a84-e0a358acb5bf,"(55.68500937, 12.56448226)","Nørre Søgade 9A, kl., 1370 København K",0101,Egentlig beboelseslejlighed,Eget køkken med afløb,"Bolig i etageejendom, flerfamiliehus eller to-familiehus",Badeværelse i enheden,151, 1,151,Vandskyllende toilet i enheden,4, 1,-
91," Nørre Søgade 37A, 1. 1 1370 København K ",2950000.0,2021-09-02, Handelstype Alm. frit salg,https://www.boliga.dk//salg/info/101/976181/801C5FAA-FB1B-43F5-8FB1-595DAE2288C1,https://www.boliga.dk//bbrinfo/801c5faa-fb1b-43f5-8fb1-595dae2288c1,"(55.68255117, 12.56223704)","Nørre Søgade 37A, 1. 1, 1370 København K",0101,Egentlig beboelseslejlighed,Eget køkken med afløb,"Bolig i etageejendom, flerfamiliehus eller to-familiehus",Badeværelse i enheden,55, 1,55,Vandskyllende toilet i enheden,2, 1,-
93," Nørre Søgade 19, 1. tv 1370 København K ",7000000.0,2020-02-02, Handelstype Alm. frit salg,https://www.boliga.dk//salg/info/101/793370/0A1C5E67-DF26-4EB8-9017-DFBC076D8171,https://www.boliga.dk//bbrinfo/0a1c5e67-df26-4eb8-9017-dfbc076d8171,"(55.68450046, 12.56392772)","Nørre Søgade 19, 1. th, 1370 København K",0101,Egentlig beboelseslejlighed,Eget køkken med afløb,"Bolig i etageejendom, flerfamiliehus eller to-familiehus",Badeværelse i enheden,136, 1,136,Vandskyllende toilet i enheden,4, 1,-
94," Nørre Søgade 19, 1. tv 1370 København K ",5025000.0,2015-09-20, Handelstype Alm. frit salg,https://www.boliga.dk//salg/info/101/793370/0A1C5E67-DF26-4EB8-9017-DFBC076D8171,https://www.boliga.dk//bbrinfo/0a1c5e67-df26-4eb8-9017-dfbc076d8171,"(55.68450046, 12.56392772)","Nørre Søgade 19, 1. th, 1370 København K",0101,Egentlig beboelseslejlighed,Eget køkken med afløb,"Bolig i etageejendom, flerfamiliehus eller to-familiehus",Badeværelse i enheden,136, 1,136,Vandskyllende toilet i enheden,4, 1,-
99," Nørre Søgade 37B, 1. 3 1370 København K ",2155000.0,2020-08-01, Handelstype Alm. frit salg,https://www.boliga.dk//salg/info/101/976572/0AC2A459-EEE8-4FF1-8A40-6450CE03B663,https://www.boliga.dk//bbrinfo/0ac2a459-eee8-4ff1-8a40-6450ce03b663,"(55.68240579, 12.5621062)","Nørre Søgade 37B, 1. 1, 1370 København K",0101,Egentlig beboelseslejlighed,Eget køkken med afløb,"Bolig i etageejendom, flerfamiliehus eller to-familiehus",Badeværelse i enheden,38, 1,38,Vandskyllende toilet i enheden,1, 1,-
100," Nørre Søgade 37B, 1. 3 1370 København K ",1600000.0,2015-07-02, Handelstype Alm. frit salg,https://www.boliga.dk//salg/info/101/976572/0AC2A459-EEE8-4FF1-8A40-6450CE03B663,https://www.boliga.dk//bbrinfo/0ac2a459-eee8-4ff1-8a40-6450ce03b663,"(55.68240579, 12.5621062)","Nørre Søgade 37B, 1. 1, 1370 København K",0101,Egentlig beboelseslejlighed,Eget køkken med afløb,"Bolig i etageejendom, flerfamiliehus eller to-familiehus",Badeværelse i enheden,38, 1,38,Vandskyllende toilet i enheden,1, 1,-
101," Nørre Søgade 37B, 1. 3 1370 København K ",1275000.0,2015-07-07, Handelstype Familieoverdragelse,https://www.boliga.dk//salg/info/101/976572/0AC2A459-EEE8-4FF1-8A40-6450CE03B663,https://www.boliga.dk//bbrinfo/0ac2a459-eee8-4ff1-8a40-6450ce03b663,"(55.68240579, 12.5621062)","Nørre Søgade 37B, 1. 1, 1370 København K",0101,Egentlig beboelseslejlighed,Eget køkken med afløb,"Bolig i etageejendom, flerfamiliehus eller to-familiehus",Badeværelse i enheden,38, 1,38,Vandskyllende toilet i enheden,1, 1,-
102," Nørre Søgade 37B, 1. 3 1370 København K ",1275000.0,2014-01-01, Handelstype Alm. frit salg,https://www.boliga.dk//salg/info/101/976572/0AC2A459-EEE8-4FF1-8A40-6450CE03B663,https://www.boliga.dk//bbrinfo/0ac2a459-eee8-4ff1-8a40-6450ce03b663,"(55.68240579, 12.5621062)","Nørre Søgade 37B, 1. 1, 1370 København K",0101,Egentlig beboelseslejlighed,Eget køkken med afløb,"Bolig i etageejendom, flerfamiliehus eller to-familiehus",Badeværelse i enheden,38, 1,38,Vandskyllende toilet i enheden,1, 1,-
105," Nørre Søgade 9B, 1. th 1370 København K ",5575000.0,2020-06-02, Handelstype Alm. frit salg,https://www.boliga.dk//salg/info/101/411095/1729851D-62B7-4B9E-BE83-8ECDC204191C,https://www.boliga.dk//bbrinfo/1729851d-62b7-4b9e-be83-8ecdc204191c,"(55.68493639, 12.56472852)","Nørre Søgade 9B, kl., 1370 København K",0101,Egentlig beboelseslejlighed,Eget køkken med afløb,"Bolig i etageejendom, flerfamiliehus eller to-familiehus",Badeværelse i enheden,115, 1,115,Vandskyllende toilet i enheden,3, 1,-
106," Nørre Søgade 9B, 1. th 1370 København K ",3400000.0,2018-04-09, Handelstype Familieoverdragelse,https://www.boliga.dk//salg/info/101/411095/1729851D-62B7-4B9E-BE83-8ECDC204191C,https://www.boliga.dk//bbrinfo/1729851d-62b7-4b9e-be83-8ecdc204191c,"(55.68493639, 12.56472852)","Nørre Søgade 9B, kl., 1370 København K",0101,Egentlig beboelseslejlighed,Eget køkken med afløb,"Bolig i etageejendom, flerfamiliehus eller to-familiehus",Badeværelse i enheden,115, 1,115,Vandskyllende toilet i enheden,3, 1,-
107," Nørre Søgade 9B, 1. th 1370 København K ",3150000.0,2012-11-20, Handelstype Alm. frit salg,https://www.boliga.dk//salg/info/101/411095/1729851D-62B7-4B9E-BE83-8ECDC204191C,https://www.boliga.dk//bbrinfo/1729851d-62b7-4b9e-be83-8ecdc204191c,"(55.68493639, 12.56472852)","Nørre Søgade 9B, kl., 1370 København K",0101,Egentlig beboelseslejlighed,Eget køkken med afløb,"Bolig i etageejendom, flerfamiliehus eller to-familiehus",Badeværelse i enheden,115, 1,115,Vandskyllende toilet i enheden,3, 1,-
108," Nørre Søgade 9B, 1. th 1370 København K ",2995000.0,2011-03-30, Handelstype Alm. frit salg,https://www.boliga.dk//salg/info/101/411095/1729851D-62B7-4B9E-BE83-8ECDC204191C,https://www.boliga.dk//bbrinfo/1729851d-62b7-4b9e-be83-8ecdc204191c,"(55.68493639, 12.56472852)","Nørre Søgade 9B, kl., 1370 København K",0101,Egentlig beboelseslejlighed,Eget køkken med afløb,"Bolig i etageejendom, flerfamiliehus eller to-familiehus",Badeværelse i enheden,115, 1,115,Vandskyllende toilet i enheden,3, 1,-
109," Nørre Søgade 9B, 1. th 1370 København K ",2525000.0,2011-01-05, Handelstype Familieoverdragelse,https://www.boliga.dk//salg/info/101/411095/1729851D-62B7-4B9E-BE83-8ECDC204191C,https://www.boliga.dk//bbrinfo/1729851d-62b7-4b9e-be83-8ecdc204191c,"(55.68493639, 12.56472852)","Nørre Søgade 9B, kl., 1370 København K",0101,Egentlig beboelseslejlighed,Eget køkken med afløb,"Bolig i etageejendom, flerfamiliehus eller to-familiehus",Badeværelse i enheden,115, 1,115,Vandskyllende toilet i enheden,3, 1,-
110," Nørre Søgade 9B, 1. th 1370 København K ",2500000.0,2009-05-01, Handelstype Alm. frit salg,https://www.boliga.dk//salg/info/101/411095/1729851D-62B7-4B9E-BE83-8ECDC204191C,https://www.boliga.dk//bbrinfo/1729851d-62b7-4b9e-be83-8ecdc204191c,"(55.68493639, 12.56472852)","Nørre Søgade 9B, kl., 1370 København K",0101,Egentlig beboelseslejlighed,Eget køkken med afløb,"Bolig i etageejendom, flerfamiliehus eller to-familiehus",Badeværelse i enheden,115, 1,115,Vandskyllende toilet i enheden,3, 1,-
112," Nørre Søgade 37C, st. tv 1370 København K ",2375000.0,2020-02-02, Handelstype Alm. frit salg,https://www.boliga.dk//salg/info/101/976173/8C62DAAC-5179-4A02-A8CD-61D1BB294476,https://www.boliga.dk//bbrinfo/8c62daac-5179-4a02-a8cd-61d1bb294476,"(55.68234592, 12.56196324)","Nørre Søgade 37C, 1. 1, 1370 København K",0101,Egentlig beboelseslejlighed,Eget køkken med afløb,"Bolig i etageejendom, flerfamiliehus eller to-familiehus",Badeværelse i enheden,45, 1,45,Vandskyllende toilet i enheden,2, 1,-
113," Nørre Søgade 37C, st. tv 1370 København K ",1520000.0,2015-08-01, Handelstype Alm. frit salg,https://www.boliga.dk//salg/info/101/976173/8C62DAAC-5179-4A02-A8CD-61D1BB294476,https://www.boliga.dk//bbrinfo/8c62daac-5179-4a02-a8cd-61d1bb294476,"(55.68234592, 12.56196324)","Nørre Søgade 37C, 1. 1, 1370 København K",0101,Egentlig beboelseslejlighed,Eget køkken med afløb,"Bolig i etageejendom, flerfamiliehus eller to-familiehus",Badeværelse i enheden,45, 1,45,Vandskyllende toilet i enheden,2, 1,-
114," Nørre Søgade 37C, st. tv 1370 København K ",1100000.0,2014-07-01, Handelstype Alm. frit salg,https://www.boliga.dk//salg/info/101/976173/8C62DAAC-5179-4A02-A8CD-61D1BB294476,https://www.boliga.dk//bbrinfo/8c62daac-5179-4a02-a8cd-61d1bb294476,"(55.68234592, 12.56196324)","Nørre Søgade 37C, 1. 1, 1370 København K",0101,Egentlig beboelseslejlighed,Eget køkken med afløb,"Bolig i etageejendom, flerfamiliehus eller to-familiehus",Badeværelse i enheden,45, 1,45,Vandskyllende toilet i enheden,2, 1,-
115," Nørre Søgade 37C, st. tv 1370 København K ",950000.0,2008-02-02, Handelstype Alm. frit salg,https://www.boliga.dk//salg/info/101/976173/8C62DAAC-5179-4A02-A8CD-61D1BB294476,https://www.boliga.dk//bbrinfo/8c62daac-5179-4a02-a8cd-61d1bb294476,"(55.68234592, 12.56196324)","Nørre Søgade 37C, 1. 1, 1370 København K",0101,Egentlig beboelseslejlighed,Eget køkken med afløb,"Bolig i etageejendom, flerfamiliehus eller to-familiehus",Badeværelse i enheden,45, 1,45,Vandskyllende toilet i enheden,2, 1,-
117," Nørre Søgade 37B, 5. 1 1370 København K ",2265000.0,2020-07-01, Handelstype Alm. frit salg,https://www.boliga.dk//salg/info/101/976777/10FB0E7C-236D-4D49-9C34-A399459955E2,https://www.boliga.dk//bbrinfo/10fb0e7c-236d-4d49-9c34-a399459955e2,"(55.68240579, 12.5621062)","Nørre Søgade 37B, 1. 1, 1370 København K",0101,Egentlig beboelseslejlighed,Eget køkken med afløb,"Bolig i etageejendom, flerfamiliehus eller to-familiehus",Badeværelse i enheden,38, 1,38,Vandskyllende toilet i enheden,1, 1,-
118," Nørre Søgade 37B, 5. 1 1370 København K ",1900000.0,2017-04-01, Handelstype Alm. frit salg,https://www.boliga.dk//salg/info/101/976777/10FB0E7C-236D-4D49-9C34-A399459955E2,https://www.boliga.dk//bbrinfo/10fb0e7c-236d-4d49-9c34-a399459955e2,"(55.68240579, 12.5621062)","Nørre Søgade 37B, 1. 1, 1370 København K",0101,Egentlig beboelseslejlighed,Eget køkken med afløb,"Bolig i etageejendom, flerfamiliehus eller to-familiehus",Badeværelse i enheden,38, 1,38,Vandskyllende toilet i enheden,1, 1,-
119," Nørre Søgade 37B, 5. 1 1370 København K ",1150000.0,2008-03-08, Handelstype Alm. frit salg,https://www.boliga.dk//salg/info/101/976777/10FB0E7C-236D-4D49-9C34-A399459955E2,https://www.boliga.dk//bbrinfo/10fb0e7c-236d-4d49-9c34-a399459955e2,"(55.68240579, 12.5621062)","Nørre Søgade 37B, 1. 1, 1370 København K",0101,Egentlig beboelseslejlighed,Eget køkken med afløb,"Bolig i etageejendom, flerfamiliehus eller to-familiehus",Badeværelse i enheden,38, 1,38,Vandskyllende toilet i enheden,1, 1,-
122," Nørre Søgade 9A, 5. th 1370 København K ",4853000.0,2020-11-09, Handelstype Alm. frit salg,https://www.boliga.dk//salg/info/101/411044/7BE2DCBD-9AFA-4BD8-8956-EC17EA7B83FF,https://www.boliga.dk//bbrinfo/7be2dcbd-9afa-4bd8-8956-ec17ea7b83ff,"(55.68500937, 12.56448226)","Nørre Søgade 9A, kl., 1370 København K",0101,Egentlig beboelseslejlighed,Eget køkken med afløb,"Bolig i etageejendom, flerfamiliehus eller to-familiehus",Badeværelse i enheden,84, 1,84,Vandskyllende toilet i enheden,3, 1,-
123," Nørre Søgade 9A, 5. th 1370 København K ",3360000.0,2014-07-02, Handelstype Alm. frit salg,https://www.boliga.dk//salg/info/101/411044/7BE2DCBD-9AFA-4BD8-8956-EC17EA7B83FF,https://www.boliga.dk//bbrinfo/7be2dcbd-9afa-4bd8-8956-ec17ea7b83ff,"(55.68500937, 12.56448226)","Nørre Søgade 9A, kl., 1370 København K",0101,Egentlig beboelseslejlighed,Eget køkken med afløb,"Bolig i etageejendom, flerfamiliehus eller to-familiehus",Badeværelse i enheden,84, 1,84,Vandskyllende toilet i enheden,3, 1,-
128," Nørre Søgade 37B, 1. 5 1370 København K ",2995000.0,2020-11-05, Handelstype Alm. frit salg,https://www.boliga.dk//salg/info/101/976599/D745BC8D-B937-4B98-B171-A20F15E41481,https://www.boliga.dk//bbrinfo/d745bc8d-b937-4b98-b171-a20f15e41481,"(55.68240579, 12.5621062)","Nørre Søgade 37B, 1. 1, 1370 København K",0101,Egentlig beboelseslejlighed,Eget køkken med afløb,"Bolig i etageejendom, flerfamiliehus eller to-familiehus",Badeværelse i enheden,55, 1,55,Vandskyllende toilet i enheden,2, 1,-
130," Nørre Søgade 37A, 4. 5 1370 København K ",6150000.0,2020-10-20, Handelstype Alm. frit salg,https://www.boliga.dk//salg/info/101/976408/6CF43E5B-E0E7-4082-878F-7C804B63DCE8,https://www.boliga.dk//bbrinfo/6cf43e5b-e0e7-4082-878f-7c804b63dce8,"(55.68255117, 12.56223704)","Nørre Søgade 37A, 1. 1, 1370 København K",0101,Egentlig beboelseslejlighed,Eget køkken med afløb,"Bolig i etageejendom, flerfamiliehus eller to-familiehus",Badeværelse i enheden,99, 1,99,Vandskyllende toilet i enheden,2, 1,-
131," Nørre Søgade 37A, 4. 5 1370 København K ",5500000.0,2017-05-10, Handelstype Alm. frit salg,https://www.boliga.dk//salg/info/101/976408/6CF43E5B-E0E7-4082-878F-7C804B63DCE8,https://www.boliga.dk//bbrinfo/6cf43e5b-e0e7-4082-878f-7c804b63dce8,"(55.68255117, 12.56223704)","Nørre Søgade 37A, 1. 1, 1370 København K",0101,Egentlig beboelseslejlighed,Eget køkken med afløb,"Bolig i etageejendom, flerfamiliehus eller to-familiehus",Badeværelse i enheden,99, 1,99,Vandskyllende toilet i enheden,2, 1,-
132," Nørre Søgade 37A, 4. 5 1370 København K ",1200000.0,2011-09-01, Handelstype Alm. frit salg,https://www.boliga.dk//salg/info/101/976408/6CF43E5B-E0E7-4082-878F-7C804B63DCE8,https://www.boliga.dk//bbrinfo/6cf43e5b-e0e7-4082-878f-7c804b63dce8,"(55.68255117, 12.56223704)","Nørre Søgade 37A, 1. 1, 1370 København K",0101,Egentlig beboelseslejlighed,Eget køkken med afløb,"Bolig i etageejendom, flerfamiliehus eller to-familiehus",Badeværelse i enheden,99, 1,99,Vandskyllende toilet i enheden,2, 1,-
134," Nørre Søgade 37A, 2. 2 1370 København K ",2345000.0,2020-10-20, Handelstype Alm. frit salg,https://www.boliga.dk//salg/info/101/976262/72ED0C93-36EC-487B-8435-287B9EE1F08A,https://www.boliga.dk//bbrinfo/72ed0c93-36ec-487b-8435-287b9ee1f08a,"(55.68255117, 12.56223704)","Nørre Søgade 37A, 1. 1, 1370 København K",0101,Egentlig beboelseslejlighed,Eget køkken med afløb,"Bolig i etageejendom, flerfamiliehus eller to-familiehus",Badeværelse i enheden,42, 1,42,Vandskyllende toilet i enheden,1, 1,-
137," Nørre Søgade 9A, 1. th 1370 København K ",5950000.0,2020-09-02, Handelstype Alm. frit salg,https://www.boliga.dk//salg/info/101/410935/89A4D236-ADF8-4BCF-883C-FD0A2E71B097,https://www.boliga.dk//bbrinfo/89a4d236-adf8-4bcf-883c-fd0a2e71b097,"(55.68500937, 12.56448226)","Nørre Søgade 9A, kl., 1370 København K",0101,Egentlig beboelseslejlighed,Eget køkken med afløb,"Bolig i etageejendom, flerfamiliehus eller to-familiehus",Badeværelse i enheden,107, 1,107,Vandskyllende toilet i enheden,3, 1,-
138," Nørre Søgade 9A, 1. th 1370 København K ",1126250.0,2017-05-10, Handelstype Familieoverdragelse,https://www.boliga.dk//salg/info/101/410935/89A4D236-ADF8-4BCF-883C-FD0A2E71B097,https://www.boliga.dk//bbrinfo/89a4d236-adf8-4bcf-883c-fd0a2e71b097,"(55.68500937, 12.56448226)","Nørre Søgade 9A, kl., 1370 København K",0101,Egentlig beboelseslejlighed,Eget køkken med afløb,"Bolig i etageejendom, flerfamiliehus eller to-familiehus",Badeværelse i enheden,107, 1,107,Vandskyllende toilet i enheden,3, 1,-
140," Nørre Søgade 37A, 1. 5 1370 København K ",4400000.0,2020-03-01, Handelstype Alm. frit salg,https://www.boliga.dk//salg/info/101/976246/725E6A5B-CEC0-4D4F-B2BF-C7806D653603,https://www.boliga.dk//bbrinfo/725e6a5b-cec0-4d4f-b2bf-c7806d653603,"(55.68255117, 12.56223704)","Nørre Søgade 37A, 1. 1, 1370 København K",0101,Egentlig beboelseslejlighed,Eget køkken med afløb,"Bolig i etageejendom, flerfamiliehus eller to-familiehus",Badeværelse i enheden,99, 1,99,Vandskyllende toilet i enheden,3, 1,-
141," Nørre Søgade 37A, 1. 5 1370 København K ",1543831.0,2012-07-02, Handelstype Salg i øvrigt,https://www.boliga.dk//salg/info/101/976246/725E6A5B-CEC0-4D4F-B2BF-C7806D653603,https://www.boliga.dk//bbrinfo/725e6a5b-cec0-4d4f-b2bf-c7806d653603,"(55.68255117, 12.56223704)","Nørre Søgade 37A, 1. 1, 1370 København K",0101,Egentlig beboelseslejlighed,Eget køkken med afløb,"Bolig i etageejendom, flerfamiliehus eller to-familiehus",Badeværelse i enheden,99, 1,99,Vandskyllende toilet i enheden,3, 1,-
142," Nørre Søgade 37A, 1. 5 1370 København K ",3075000.0,2008-05-02, Handelstype Alm. frit salg,https://www.boliga.dk//salg/info/101/976246/725E6A5B-CEC0-4D4F-B2BF-C7806D653603,https://www.boliga.dk//bbrinfo/725e6a5b-cec0-4d4f-b2bf-c7806d653603,"(55.68255117, 12.56223704)","Nørre Søgade 37A, 1. 1, 1370 København K",0101,Egentlig beboelseslejlighed,Eget køkken med afløb,"Bolig i etageejendom, flerfamiliehus eller to-familiehus",Badeværelse i enheden,99, 1,99,Vandskyllende toilet i enheden,3, 1,-
144," Nørre Søgade 19, 5. tv 1370 København K ",3162500.0,2020-08-04, Handelstype Familieoverdragelse,https://www.boliga.dk//salg/info/101/793451/DD5AED48-E913-4C15-8F09-7C2DD47804C8,https://www.boliga.dk//bbrinfo/dd5aed48-e913-4c15-8f09-7c2dd47804c8,"(55.68450046, 12.56392772)","Nørre Søgade 19, 1. th, 1370 København K",0101,Egentlig beboelseslejlighed,Eget køkken med afløb,"Bolig i etageejendom, flerfamiliehus eller to-familiehus",Badeværelse i enheden,110, 1,110,Vandskyllende toilet i enheden,4, 1,-
145," Nørre Søgade 19, 5. tv 1370 København K ",3162500.0,2019-07-02, Handelstype Familieoverdragelse,https://www.boliga.dk//salg/info/101/793451/DD5AED48-E913-4C15-8F09-7C2DD47804C8,https://www.boliga.dk//bbrinfo/dd5aed48-e913-4c15-8f09-7c2dd47804c8,"(55.68450046, 12.56392772)","Nørre Søgade 19, 1. th, 1370 København K",0101,Egentlig beboelseslejlighed,Eget køkken med afløb,"Bolig i etageejendom, flerfamiliehus eller to-familiehus",Badeværelse i enheden,110, 1,110,Vandskyllende toilet i enheden,4, 1,-
146," Nørre Søgade 19, 5. tv 1370 København K ",3162500.0,2018-09-01, Handelstype Familieoverdragelse,https://www.boliga.dk//salg/info/101/793451/DD5AED48-E913-4C15-8F09-7C2DD47804C8,https://www.boliga.dk//bbrinfo/dd5aed48-e913-4c15-8f09-7c2dd47804c8,"(55.68450046, 12.56392772)","Nørre Søgade 19, 1. th, 1370 København K",0101,Egentlig beboelseslejlighed,Eget køkken med afløb,"Bolig i etageejendom, flerfamiliehus eller to-familiehus",Badeværelse i enheden,110, 1,110,Vandskyllende toilet i enheden,4, 1,-
147," Nørre Søgade 19, 5. tv 1370 København K ",2800000.0,2012-02-02, Handelstype Alm. frit salg,https://www.boliga.dk//salg/info/101/793451/DD5AED48-E913-4C15-8F09-7C2DD47804C8,https://www.boliga.dk//bbrinfo/dd5aed48-e913-4c15-8f09-7c2dd47804c8,"(55.68450046, 12.56392772)","Nørre Søgade 19, 1. th, 1370 København K",0101,Egentlig beboelseslejlighed,Eget køkken med afløb,"Bolig i etageejendom, flerfamiliehus eller to-familiehus",Badeværelse i enheden,110, 1,110,Vandskyllende toilet i enheden,4, 1,-
153," Nørre Søgade 9B, 3. tv 1370 København K ",5195000.0,2020-05-02, Handelstype Alm. frit salg,https://www.boliga.dk//salg/info/101/411168/7A17028C-1009-4884-B774-121CB68B2667,https://www.boliga.dk//bbrinfo/7a17028c-1009-4884-b774-121cb68b2667,"(55.68493639, 12.56472852)","Nørre Søgade 9B, kl., 1370 København K",0101,Egentlig beboelseslejlighed,Eget køkken med afløb,"Bolig i etageejendom, flerfamiliehus eller to-familiehus",Badeværelse i enheden,85, 1,85,Vandskyllende toilet i enheden,4, 1,-
154," Nørre Søgade 9B, 3. tv 1370 København K ",1615000.0,2012-09-02, Handelstype Familieoverdragelse,https://www.boliga.dk//salg/info/101/411168/7A17028C-1009-4884-B774-121CB68B2667,https://www.boliga.dk//bbrinfo/7a17028c-1009-4884-b774-121cb68b2667,"(55.68493639, 12.56472852)","Nørre Søgade 9B, kl., 1370 København K",0101,Egentlig beboelseslejlighed,Eget køkken med afløb,"Bolig i etageejendom, flerfamiliehus eller to-familiehus",Badeværelse i enheden,85, 1,85,Vandskyllende toilet i enheden,4, 1,-
161," Nørre Søgade 37B, 6. 2 1370 København K ",2495000.0,2020-07-04, Handelstype Alm. frit salg,https://www.boliga.dk//salg/info/101/976831/1660BF00-062D-4C80-9557-418C5B746CBF,https://www.boliga.dk//bbrinfo/1660bf00-062d-4c80-9557-418c5b746cbf,"(55.68240579, 12.5621062)","Nørre Søgade 37B, 1. 1, 1370 København K",0101,Egentlig beboelseslejlighed,Eget køkken med afløb,"Bolig i etageejendom, flerfamiliehus eller to-familiehus",Badeværelse i enheden,38, 1,38,Vandskyllende toilet i enheden,1, 1,-
162," Nørre Søgade 37B, 6. 2 1370 København K ",1870000.0,2016-07-01, Handelstype Alm. frit salg,https://www.boliga.dk//salg/info/101/976831/1660BF00-062D-4C80-9557-418C5B746CBF,https://www.boliga.dk//bbrinfo/1660bf00-062d-4c80-9557-418c5b746cbf,"(55.68240579, 12.5621062)","Nørre Søgade 37B, 1. 1, 1370 København K",0101,Egentlig beboelseslejlighed,Eget køkken med afløb,"Bolig i etageejendom, flerfamiliehus eller to-familiehus",Badeværelse i enheden,38, 1,38,Vandskyllende toilet i enheden,1, 1,-
163," Nørre Søgade 37B, 6. 2 1370 København K ",1725000.0,2007-02-02, Handelstype Alm. frit salg,https://www.boliga.dk//salg/info/101/976831/1660BF00-062D-4C80-9557-418C5B746CBF,https://www.boliga.dk//bbrinfo/1660bf00-062d-4c80-9557-418c5b746cbf,"(55.68240579, 12.5621062)","Nørre Søgade 37B, 1. 1, 1370 København K",0101,Egentlig beboelseslejlighed,Eget køkken med afløb,"Bolig i etageejendom, flerfamiliehus eller to-familiehus",Badeværelse i enheden,38, 1,38,Vandskyllende toilet i enheden,1, 1,-
166," Nørre Søgade 37C, 6. 3 1370 København K ",2250000.0,2020-06-02, Handelstype Alm. frit salg,https://www.boliga.dk//salg/info/101/977153/DD1BEE9C-2675-4753-AE7F-9BCD8E01C1BF,https://www.boliga.dk//bbrinfo/dd1bee9c-2675-4753-ae7f-9bcd8e01c1bf,"(55.68234592, 12.56196324)","Nørre Søgade 37C, 1. 1, 1370 København K",0101,Egentlig beboelseslejlighed,Eget køkken med afløb,"Bolig i etageejendom, flerfamiliehus eller to-familiehus",Badeværelse i enheden,39, 1,39,Vandskyllende toilet i enheden,2, 1,-
167," Nørre Søgade 37B, 2. 1 1370 København K ",2100000.0,2020-07-01, Handelstype Familieoverdragelse,https://www.boliga.dk//salg/info/101/976602/21CA83DB-A831-41DE-A139-E964BF75C5E0,https://www.boliga.dk//bbrinfo/21ca83db-a831-41de-a139-e964bf75c5e0,"(55.68240579, 12.5621062)","Nørre Søgade 37B, 1. 1, 1370 København K",0101,Egentlig beboelseslejlighed,Eget køkken med afløb,"Bolig i etageejendom, flerfamiliehus eller to-familiehus",Badeværelse i enheden,38, 1,38,Vandskyllende toilet i enheden,1, 1,-
168," Nørre Søgade 37B, 2. 1 1370 København K ",1475000.0,2013-02-20, Handelstype Alm. frit salg,https://www.boliga.dk//salg/info/101/976602/21CA83DB-A831-41DE-A139-E964BF75C5E0,https://www.boliga.dk//bbrinfo/21ca83db-a831-41de-a139-e964bf75c5e0,"(55.68240579, 12.5621062)","Nørre Søgade 37B, 1. 1, 1370 København K",0101,Egentlig beboelseslejlighed,Eget køkken med afløb,"Bolig i etageejendom, flerfamiliehus eller to-familiehus",Badeværelse i enheden,38, 1,38,Vandskyllende toilet i enheden,1, 1,-
169," Nørre Søgade 37B, 2. 1 1370 København K ",1035000.0,2010-03-02, Handelstype Alm. frit salg,https://www.boliga.dk//salg/info/101/976602/21CA83DB-A831-41DE-A139-E964BF75C5E0,https://www.boliga.dk//bbrinfo/21ca83db-a831-41de-a139-e964bf75c5e0,"(55.68240579, 12.5621062)","Nørre Søgade 37B, 1. 1, 1370 København K",0101,Egentlig beboelseslejlighed,Eget køkken med afløb,"Bolig i etageejendom, flerfamiliehus eller to-familiehus",Badeværelse i enheden,38, 1,38,Vandskyllende toilet i enheden,1, 1,-
172," Nørre Søgade 37A, 4. 3 1370 København K ",2125000.0,2020-04-01, Handelstype Alm. frit salg,https://www.boliga.dk//salg/info/101/976386/993785A1-26E6-45C5-A572-56C1410662BB,https://www.boliga.dk//bbrinfo/993785a1-26e6-45c5-a572-56c1410662bb,"(55.68255117, 12.56223704)","Nørre Søgade 37A, 1. 1, 1370 København K",0101,Egentlig beboelseslejlighed,Eget køkken med afløb,"Bolig i etageejendom, flerfamiliehus eller to-familiehus",Badeværelse i enheden,38, 1,38,Vandskyllende toilet i enheden,2, 1,-
174," Nørre Søgade 37B, 1. 4 1370 København K ",1950000.0,2020-07-01, Handelstype Alm. frit salg,https://www.boliga.dk//salg/info/101/976580/5A73D8D6-E7B5-4ECE-B78E-326AF3C1AF3D,https://www.boliga.dk//bbrinfo/5a73d8d6-e7b5-4ece-b78e-326af3c1af3d,"(55.68240579, 12.5621062)","Nørre Søgade 37B, 1. 1, 1370 København K",0101,Egentlig beboelseslejlighed,Eget køkken med afløb,"Bolig i etageejendom, flerfamiliehus eller to-familiehus",Badeværelse i enheden,42, 1,42,Vandskyllende toilet i enheden,1, 1,-
175," Nørre Søgade 9A, 3. th 1370 København K ",5050000.0,2019-04-02, Handelstype Alm. frit salg,https://www.boliga.dk//salg/info/101/410994/91CD18FF-A0D2-46AF-9242-A4A1D0061C02,https://www.boliga.dk//bbrinfo/91cd18ff-a0d2-46af-9242-a4a1d0061c02,"(55.68500937, 12.56448226)","Nørre Søgade 9A, kl., 1370 København K",0101,Egentlig beboelseslejlighed,Eget køkken med afløb,"Bolig i etageejendom, flerfamiliehus eller to-familiehus",Badeværelse i enheden,107, 1,107,Vandskyllende toilet i enheden,4, 1,-
176," Nørre Søgade 9A, 3. th 1370 København K ",3285000.0,2011-02-01, Handelstype Alm. frit salg,https://www.boliga.dk//salg/info/101/410994/91CD18FF-A0D2-46AF-9242-A4A1D0061C02,https://www.boliga.dk//bbrinfo/91cd18ff-a0d2-46af-9242-a4a1d0061c02,"(55.68500937, 12.56448226)","Nørre Søgade 9A, kl., 1370 København K",0101,Egentlig beboelseslejlighed,Eget køkken med afløb,"Bolig i etageejendom, flerfamiliehus eller to-familiehus",Badeværelse i enheden,107, 1,107,Vandskyllende toilet i enheden,4, 1,-
177," Nørre Søgade 9A, 3. th 1370 København K ",3295000.0,2008-09-01, Handelstype Alm. frit salg,https://www.boliga.dk//salg/info/101/410994/91CD18FF-A0D2-46AF-9242-A4A1D0061C02,https://www.boliga.dk//bbrinfo/91cd18ff-a0d2-46af-9242-a4a1d0061c02,"(55.68500937, 12.56448226)","Nørre Søgade 9A, kl., 1370 København K",0101,Egentlig beboelseslejlighed,Eget køkken med afløb,"Bolig i etageejendom, flerfamiliehus eller to-familiehus",Badeværelse i enheden,107, 1,107,Vandskyllende toilet i enheden,4, 1,-
181," Nørre Søgade 19, 5. th 1370 København K ",5900000.0,2019-10-30, Handelstype Alm. frit salg,https://www.boliga.dk//salg/info/101/793478/4BD0027C-9029-45E2-9DAB-C55F020E256F,https://www.boliga.dk//bbrinfo/4bd0027c-9029-45e2-9dab-c55f020e256f,"(55.68450046, 12.56392772)","Nørre Søgade 19, 1. th, 1370 København K",0101,Egentlig beboelseslejlighed,Eget køkken med afløb,"Bolig i etageejendom, flerfamiliehus eller to-familiehus",Badeværelse i enheden,102, 1,102,Vandskyllende toilet i enheden,3, 1,-
182," Nørre Søgade 19, 5. th 1370 København K ",2683000.0,2016-02-02, Handelstype Familieoverdragelse,https://www.boliga.dk//salg/info/101/793478/4BD0027C-9029-45E2-9DAB-C55F020E256F,https://www.boliga.dk//bbrinfo/4bd0027c-9029-45e2-9dab-c55f020e256f,"(55.68450046, 12.56392772)","Nørre Søgade 19, 1. th, 1370 København K",0101,Egentlig beboelseslejlighed,Eget køkken med afløb,"Bolig i etageejendom, flerfamiliehus eller to-familiehus",Badeværelse i enheden,102, 1,102,Vandskyllende toilet i enheden,3, 1,-
183," Nørre Søgade 19, 5. th 1370 København K ",3400000.0,2012-02-02, Handelstype Alm. frit salg,https://www.boliga.dk//salg/info/101/793478/4BD0027C-9029-45E2-9DAB-C55F020E256F,https://www.boliga.dk//bbrinfo/4bd0027c-9029-45e2-9dab-c55f020e256f,"(55.68450046, 12.56392772)","Nørre Søgade 19, 1. th, 1370 København K",0101,Egentlig beboelseslejlighed,Eget køkken med afløb,"Bolig i etageejendom, flerfamiliehus eller to-familiehus",Badeværelse i enheden,102, 1,102,Vandskyllende toilet i enheden,3, 1,-
184," Nørre Søgade 19, 5. th 1370 København K ",3800000.0,2008-01-10, Handelstype Alm. frit salg,https://www.boliga.dk//salg/info/101/793478/4BD0027C-9029-45E2-9DAB-C55F020E256F,https://www.boliga.dk//bbrinfo/4bd0027c-9029-45e2-9dab-c55f020e256f,"(55.68450046, 12.56392772)","Nørre Søgade 19, 1. th, 1370 København K",0101,Egentlig beboelseslejlighed,Eget køkken med afløb,"Bolig i etageejendom, flerfamiliehus eller to-familiehus",Badeværelse i enheden,102, 1,102,Vandskyllende toilet i enheden,3, 1,-
187," Nørre Søgade 37A, 7. tv 1370 København K ",1870000.0,2019-02-01, Handelstype Familieoverdragelse,https://www.boliga.dk//salg/info/101/976513/401CBAA1-633F-4221-937C-636C20E95DDB,https://www.boliga.dk//bbrinfo/401cbaa1-633f-4221-937c-636c20e95ddb,"(55.68255117, 12.56223704)","Nørre Søgade 37A, 1. 1, 1370 København K",0101,Egentlig beboelseslejlighed,Eget køkken med afløb,"Bolig i etageejendom, flerfamiliehus eller to-familiehus",Badeværelse i enheden,82, 1,82,Vandskyllende toilet i enheden,3, 1,-
188," Nørre Søgade 37A, 7. tv 1370 København K ",4300000.0,2018-01-04, Handelstype Alm. frit salg,https://www.boliga.dk//salg/info/101/976513/401CBAA1-633F-4221-937C-636C20E95DDB,https://www.boliga.dk//bbrinfo/401cbaa1-633f-4221-937c-636c20e95ddb,"(55.68255117, 12.56223704)","Nørre Søgade 37A, 1. 1, 1370 København K",0101,Egentlig beboelseslejlighed,Eget køkken med afløb,"Bolig i etageejendom, flerfamiliehus eller to-familiehus",Badeværelse i enheden,82, 1,82,Vandskyllende toilet i enheden,3, 1,-
189," Nørre Søgade 37A, 7. tv 1370 København K ",3200000.0,2012-04-02, Handelstype Alm. frit salg,https://www.boliga.dk//salg/info/101/976513/401CBAA1-633F-4221-937C-636C20E95DDB,https://www.boliga.dk//bbrinfo/401cbaa1-633f-4221-937c-636c20e95ddb,"(55.68255117, 12.56223704)","Nørre Søgade 37A, 1. 1, 1370 København K",0101,Egentlig beboelseslejlighed,Eget køkken med afløb,"Bolig i etageejendom, flerfamiliehus eller to-familiehus",Badeværelse i enheden,82, 1,82,Vandskyllende toilet i enheden,3, 1,-
192," Nørre Søgade 19, 4. tv 1370 København K ",3967000.0,2019-09-03, Handelstype Familieoverdragelse,https://www.boliga.dk//salg/info/101/793435/60A9F54A-DD6E-45E8-B33D-8339D6F6349B,https://www.boliga.dk//bbrinfo/60a9f54a-dd6e-45e8-b33d-8339d6f6349b,"(55.68450046, 12.56392772)","Nørre Søgade 19, 1. th, 1370 København K",0101,Egentlig beboelseslejlighed,Eget køkken med afløb,"Bolig i etageejendom, flerfamiliehus eller to-familiehus",Badeværelse i enheden,136, 1,136,Vandskyllende toilet i enheden,5, 1,-
193," Nørre Søgade 19, 4. tv 1370 København K ",5500000.0,2014-07-06, Handelstype Alm. frit salg,https://www.boliga.dk//salg/info/101/793435/60A9F54A-DD6E-45E8-B33D-8339D6F6349B,https://www.boliga.dk//bbrinfo/60a9f54a-dd6e-45e8-b33d-8339d6f6349b,"(55.68450046, 12.56392772)","Nørre Søgade 19, 1. th, 1370 København K",0101,Egentlig beboelseslejlighed,Eget køkken med afløb,"Bolig i etageejendom, flerfamiliehus eller to-familiehus",Badeværelse i enheden,136, 1,136,Vandskyllende toilet i enheden,5, 1,-
195," Nørre Søgade 9B, 4. tv 1370 København K ",4300000.0,2019-02-02, Handelstype Alm. frit salg,https://www.boliga.dk//salg/info/101/411184/D9CE2242-452E-4D1B-99D0-68E85DB6EAE6,https://www.boliga.dk//bbrinfo/d9ce2242-452e-4d1b-99d0-68e85db6eae6,"(55.68493639, 12.56472852)","Nørre Søgade 9B, kl., 1370 København K",0101,Egentlig beboelseslejlighed,Eget køkken med afløb,"Bolig i etageejendom, flerfamiliehus eller to-familiehus",Badeværelse i enheden,85, 1,85,Vandskyllende toilet i enheden,3, 1,-
196," Nørre Søgade 9B, 4. tv 1370 København K ",3525000.0,2015-06-02, Handelstype Alm. frit salg,https://www.boliga.dk//salg/info/101/411184/D9CE2242-452E-4D1B-99D0-68E85DB6EAE6,https://www.boliga.dk//bbrinfo/d9ce2242-452e-4d1b-99d0-68e85db6eae6,"(55.68493639, 12.56472852)","Nørre Søgade 9B, kl., 1370 København K",0101,Egentlig beboelseslejlighed,Eget køkken med afløb,"Bolig i etageejendom, flerfamiliehus eller to-familiehus",Badeværelse i enheden,85, 1,85,Vandskyllende toilet i enheden,3, 1,-
200," Nørre Søgade 37A, 6. 3 1370 København K ",2150000.0,2019-06-01, Handelstype Alm. frit salg,https://www.boliga.dk//salg/info/101/976483/908FC2C6-35B2-4257-AD5E-D31B1E0186FA,https://www.boliga.dk//bbrinfo/908fc2c6-35b2-4257-ad5e-d31b1e0186fa,"(55.68255117, 12.56223704)","Nørre Søgade 37A, 1. 1, 1370 København K",0101,Egentlig beboelseslejlighed,Eget køkken med afløb,"Bolig i etageejendom, flerfamiliehus eller to-familiehus",Badeværelse i enheden,33, 1,33,Vandskyllende toilet i enheden,2, 1,-
201," Nørre Søgade 37A, 6. 3 1370 København K ",1800000.0,2015-09-01, Handelstype Alm. frit salg,https://www.boliga.dk//salg/info/101/976483/908FC2C6-35B2-4257-AD5E-D31B1E0186FA,https://www.boliga.dk//bbrinfo/908fc2c6-35b2-4257-ad5e-d31b1e0186fa,"(55.68255117, 12.56223704)","Nørre Søgade 37A, 1. 1, 1370 København K",0101,Egentlig beboelseslejlighed,Eget køkken med afløb,"Bolig i etageejendom, flerfamiliehus eller to-familiehus",Badeværelse i enheden,33, 1,33,Vandskyllende toilet i enheden,2, 1,-
204," Nørre Søgade 37B, 6. 1 1370 København K ",1325000.0,2019-01-02, Handelstype Familieoverdragelse,https://www.boliga.dk//salg/info/101/976823/A8F96FCB-FA80-4B0F-9915-6F65EB319516,https://www.boliga.dk//bbrinfo/a8f96fcb-fa80-4b0f-9915-6f65eb319516,"(55.68240579, 12.5621062)","Nørre Søgade 37B, 1. 1, 1370 København K",0101,Egentlig beboelseslejlighed,Eget køkken med afløb,"Bolig i etageejendom, flerfamiliehus eller to-familiehus",Badeværelse i enheden,38, 1,38,Vandskyllende toilet i enheden,1, 1,-
205," Nørre Søgade 37B, 6. 1 1370 København K ",1295000.0,2013-09-01, Handelstype Alm. frit salg,https://www.boliga.dk//salg/info/101/976823/A8F96FCB-FA80-4B0F-9915-6F65EB319516,https://www.boliga.dk//bbrinfo/a8f96fcb-fa80-4b0f-9915-6f65eb319516,"(55.68240579, 12.5621062)","Nørre Søgade 37B, 1. 1, 1370 København K",0101,Egentlig beboelseslejlighed,Eget køkken med afløb,"Bolig i etageejendom, flerfamiliehus eller to-familiehus",Badeværelse i enheden,38, 1,38,Vandskyllende toilet i enheden,1, 1,-
208," Nørre Søgade 37C, 2. 2 1370 København K ",2200000.0,2019-04-01, Handelstype Alm. frit salg,https://www.boliga.dk//salg/info/101/976963/3F1F83E7-865F-4776-8EE4-96A6BCDEE0B1,https://www.boliga.dk//bbrinfo/3f1f83e7-865f-4776-8ee4-96a6bcdee0b1,"(55.68234592, 12.56196324)","Nørre Søgade 37C, 1. 1, 1370 København K",0101,Egentlig beboelseslejlighed,Eget køkken med afløb,"Bolig i etageejendom, flerfamiliehus eller to-familiehus",Badeværelse i enheden,39, 1,39,Vandskyllende toilet i enheden,1, 1,-
209," Nørre Søgade 37C, 2. 2 1370 København K ",1100000.0,2011-02-01, Handelstype Alm. frit salg,https://www.boliga.dk//salg/info/101/976963/3F1F83E7-865F-4776-8EE4-96A6BCDEE0B1,https://www.boliga.dk//bbrinfo/3f1f83e7-865f-4776-8ee4-96a6bcdee0b1,"(55.68234592, 12.56196324)","Nørre Søgade 37C, 1. 1, 1370 København K",0101,Egentlig beboelseslejlighed,Eget køkken med afløb,"Bolig i etageejendom, flerfamiliehus eller to-familiehus",Badeværelse i enheden,39, 1,39,Vandskyllende toilet i enheden,1, 1,-
214," Nørre Søgade 37B, 2. 5 1370 København K ",2550000.0,2019-05-08, Handelstype Alm. frit salg,https://www.boliga.dk//salg/info/101/976645/4DDD9EEC-A1EC-4577-B62E-DA5D725F27C0,https://www.boliga.dk//bbrinfo/4ddd9eec-a1ec-4577-b62e-da5d725f27c0,"(55.68240579, 12.5621062)","Nørre Søgade 37B, 1. 1, 1370 København K",0101,Egentlig beboelseslejlighed,Eget køkken med afløb,"Bolig i etageejendom, flerfamiliehus eller to-familiehus",Badeværelse i enheden,55, 1,55,Vandskyllende toilet i enheden,1, 1,-
217," Nørre Søgade 37A, 2. 5 1370 København K ",4021000.0,2019-08-01, Handelstype Alm. frit salg,https://www.boliga.dk//salg/info/101/976297/3BAE9168-C374-47D2-BBA6-F2FBCDC33906,https://www.boliga.dk//bbrinfo/3bae9168-c374-47d2-bba6-f2fbcdc33906,"(55.68255117, 12.56223704)","Nørre Søgade 37A, 1. 1, 1370 København K",0101,Egentlig beboelseslejlighed,Eget køkken med afløb,"Bolig i etageejendom, flerfamiliehus eller to-familiehus",Badeværelse i enheden,99, 1,99,Vandskyllende toilet i enheden,2, 1,-
219," Nørre Søgade 37A, 1. 2 1370 København K ",1900000.0,2019-05-02, Handelstype Alm. frit salg,https://www.boliga.dk//salg/info/101/976203/90B61E69-2148-4E0D-B908-D31DE01CBA15,https://www.boliga.dk//bbrinfo/90b61e69-2148-4e0d-b908-d31de01cba15,"(55.68255117, 12.56223704)","Nørre Søgade 37A, 1. 1, 1370 København K",0101,Egentlig beboelseslejlighed,Eget køkken med afløb,"Bolig i etageejendom, flerfamiliehus eller to-familiehus",Badeværelse i enheden,42, 1,42,Vandskyllende toilet i enheden,1, 1,-
220," Nørre Søgade 37A, 1. 2 1370 København K ",1750000.0,2016-05-02, Handelstype Alm. frit salg,https://www.boliga.dk//salg/info/101/976203/90B61E69-2148-4E0D-B908-D31DE01CBA15,https://www.boliga.dk//bbrinfo/90b61e69-2148-4e0d-b908-d31de01cba15,"(55.68255117, 12.56223704)","Nørre Søgade 37A, 1. 1, 1370 København K",0101,Egentlig beboelseslejlighed,Eget køkken med afløb,"Bolig i etageejendom, flerfamiliehus eller to-familiehus",Badeværelse i enheden,42, 1,42,Vandskyllende toilet i enheden,1, 1,-
224," Nørre Søgade 37B, 1. 2 1370 København K ",1895000.0,2019-05-01, Handelstype Alm. frit salg,https://www.boliga.dk//salg/info/101/976564/F541BD3A-8B64-4CE1-ABC8-A61180AFB086,https://www.boliga.dk//bbrinfo/f541bd3a-8b64-4ce1-abc8-a61180afb086,"(55.68240579, 12.5621062)","Nørre Søgade 37B, 1. 1, 1370 København K",0101,Egentlig beboelseslejlighed,Eget køkken med afløb,"Bolig i etageejendom, flerfamiliehus eller to-familiehus",Badeværelse i enheden,42, 1,42,Vandskyllende toilet i enheden,1, 1,-
226," Nørre Søgade 9B, st. tv 1370 København K ",3950000.0,2018-01-02, Handelstype Alm. frit salg,https://www.boliga.dk//salg/info/101/411222/17B91A48-1BE3-47D9-9EE6-4FED9CE6711B,https://www.boliga.dk//bbrinfo/17b91a48-1be3-47d9-9ee6-4fed9ce6711b,"(55.68493639, 12.56472852)","Nørre Søgade 9B, kl., 1370 København K",0101,Egentlig beboelseslejlighed,Eget køkken med afløb,"Bolig i etageejendom, flerfamiliehus eller to-familiehus",Badeværelse i enheden,85, 1,85,Vandskyllende toilet i enheden,3, 1,-
227," Nørre Søgade 9B, st. tv 1370 København K ",2795000.0,2013-07-08, Handelstype Alm. frit salg,https://www.boliga.dk//salg/info/101/411222/17B91A48-1BE3-47D9-9EE6-4FED9CE6711B,https://www.boliga.dk//bbrinfo/17b91a48-1be3-47d9-9ee6-4fed9ce6711b,"(55.68493639, 12.56472852)","Nørre Søgade 9B, kl., 1370 København K",0101,Egentlig beboelseslejlighed,Eget køkken med afløb,"Bolig i etageejendom, flerfamiliehus eller to-familiehus",Badeværelse i enheden,85, 1,85,Vandskyllende toilet i enheden,3, 1,-
231," Nørre Søgade 37B, 4. 3 1370 København K ",3825000.0,2018-10-08, Handelstype Alm. frit salg,https://www.boliga.dk//salg/info/101/976742/8A9FD4D1-55CD-406D-AE92-0A1A35317B9C,https://www.boliga.dk//bbrinfo/8a9fd4d1-55cd-406d-ae92-0a1a35317b9c,"(55.68240579, 12.5621062)","Nørre Søgade 37B, 1. 1, 1370 København K",0101,Egentlig beboelseslejlighed,Eget køkken med afløb,"Bolig i etageejendom, flerfamiliehus eller to-familiehus",Badeværelse i enheden,80, 2,80,Vandskyllende toilet i enheden,2, 2,-
234," Nørre Søgade 37A, 5. 3 1370 København K ",1350000.0,2018-01-01, Handelstype Familieoverdragelse,https://www.boliga.dk//salg/info/101/976432/9EE4A566-F7BA-4002-9278-E0E31B92E3E9,https://www.boliga.dk//bbrinfo/9ee4a566-f7ba-4002-9278-e0e31b92e3e9,"(55.68255117, 12.56223704)","Nørre Søgade 37A, 1. 1, 1370 København K",0101,Egentlig beboelseslejlighed,Eget køkken med afløb,"Bolig i etageejendom, flerfamiliehus eller to-familiehus",Badeværelse i enheden,38, 1,38,Vandskyllende toilet i enheden,1, 1,-
235," Nørre Søgade 37A, 5. 3 1370 København K ",1350000.0,2012-06-02, Handelstype Alm. frit salg,https://www.boliga.dk//salg/info/101/976432/9EE4A566-F7BA-4002-9278-E0E31B92E3E9,https://www.boliga.dk//bbrinfo/9ee4a566-f7ba-4002-9278-e0e31b92e3e9,"(55.68255117, 12.56223704)","Nørre Søgade 37A, 1. 1, 1370 København K",0101,Egentlig beboelseslejlighed,Eget køkken med afløb,"Bolig i etageejendom, flerfamiliehus eller to-familiehus",Badeværelse i enheden,38, 1,38,Vandskyllende toilet i enheden,1, 1,-
239," Nørre Søgade 37C, 4. 3 1370 København K ",2225000.0,2018-07-02, Handelstype Alm. frit salg,https://www.boliga.dk//salg/info/101/977072/9C591EC5-1551-427A-9670-64AFA8CABBAB,https://www.boliga.dk//bbrinfo/9c591ec5-1551-427a-9670-64afa8cabbab,"(55.68234592, 12.56196324)","Nørre Søgade 37C, 1. 1, 1370 København K",0101,Egentlig beboelseslejlighed,Eget køkken med afløb,"Bolig i etageejendom, flerfamiliehus eller to-familiehus",Badeværelse i enheden,43, 1,43,Vandskyllende toilet i enheden,1, 1,-
241," Nørre Søgade 9A, 5. tv 1370 København K ",6250000.0,2018-06-01, Handelstype Alm. frit salg,https://www.boliga.dk//salg/info/101/411052/7DFF2545-81C1-4601-89AC-9899795D1307,https://www.boliga.dk//bbrinfo/7dff2545-81c1-4601-89ac-9899795d1307,"(55.68500937, 12.56448226)","Nørre Søgade 9A, kl., 1370 København K",0101,Egentlig beboelseslejlighed,Eget køkken med afløb,"Bolig i etageejendom, flerfamiliehus eller to-familiehus",Badeværelse i enheden,128, 1,128,Vandskyllende toilet i enheden,5, 1,-
242," Nørre Søgade 9A, 5. tv 1370 København K ",3325000.0,2011-02-08, Handelstype Alm. frit salg,https://www.boliga.dk//salg/info/101/411052/7DFF2545-81C1-4601-89AC-9899795D1307,https://www.boliga.dk//bbrinfo/7dff2545-81c1-4601-89ac-9899795d1307,"(55.68500937, 12.56448226)","Nørre Søgade 9A, kl., 1370 København K",0101,Egentlig beboelseslejlighed,Eget køkken med afløb,"Bolig i etageejendom, flerfamiliehus eller to-familiehus",Badeværelse i enheden,128, 1,128,Vandskyllende toilet i enheden,5, 1,-
245," Nørre Søgade 37A, 5. 1 1370 København K ",2895000.0,2018-05-01, Handelstype Alm. frit salg,https://www.boliga.dk//salg/info/101/976416/D111530F-7A77-42A1-9A59-923F4C678E47,https://www.boliga.dk//bbrinfo/d111530f-7a77-42a1-9a59-923f4c678e47,"(55.68255117, 12.56223704)","Nørre Søgade 37A, 1. 1, 1370 København K",0101,Egentlig beboelseslejlighed,Eget køkken med afløb,"Bolig i etageejendom, flerfamiliehus eller to-familiehus",Badeværelse i enheden,55, 1,55,Vandskyllende toilet i enheden,2, 1,-
246," Nørre Søgade 37A, 5. 1 1370 København K ",2350000.0,2018-09-01, Handelstype Alm. frit salg,https://www.boliga.dk//salg/info/101/976416/D111530F-7A77-42A1-9A59-923F4C678E47,https://www.boliga.dk//bbrinfo/d111530f-7a77-42a1-9a59-923f4c678e47,"(55.68255117, 12.56223704)","Nørre Søgade 37A, 1. 1, 1370 København K",0101,Egentlig beboelseslejlighed,Eget køkken med afløb,"Bolig i etageejendom, flerfamiliehus eller to-familiehus",Badeværelse i enheden,55, 1,55,Vandskyllende toilet i enheden,2, 1,-
247," Nørre Søgade 37A, 5. 1 1370 København K ",2350000.0,2015-11-20, Handelstype Alm. frit salg,https://www.boliga.dk//salg/info/101/976416/D111530F-7A77-42A1-9A59-923F4C678E47,https://www.boliga.dk//bbrinfo/d111530f-7a77-42a1-9a59-923f4c678e47,"(55.68255117, 12.56223704)","Nørre Søgade 37A, 1. 1, 1370 København K",0101,Egentlig beboelseslejlighed,Eget køkken med afløb,"Bolig i etageejendom, flerfamiliehus eller to-familiehus",Badeværelse i enheden,55, 1,55,Vandskyllende toilet i enheden,2, 1,-
248," Nørre Søgade 37A, 5. 1 1370 København K ",1590000.0,2010-01-03, Handelstype Alm. frit salg,https://www.boliga.dk//salg/info/101/976416/D111530F-7A77-42A1-9A59-923F4C678E47,https://www.boliga.dk//bbrinfo/d111530f-7a77-42a1-9a59-923f4c678e47,"(55.68255117, 12.56223704)","Nørre Søgade 37A, 1. 1, 1370 København K",0101,Egentlig beboelseslejlighed,Eget køkken med afløb,"Bolig i etageejendom, flerfamiliehus eller to-familiehus",Badeværelse i enheden,55, 1,55,Vandskyllende toilet i enheden,2, 1,-
250," Nørre Søgade 37A, 5. 4 1370 København K ",1295944.0,2018-04-01, Handelstype Familieoverdragelse,https://www.boliga.dk//salg/info/101/976440/D928215C-700E-47B9-A0F5-8E010FF88BD1,https://www.boliga.dk//bbrinfo/d928215c-700e-47b9-a0f5-8e010ff88bd1,"(55.68255117, 12.56223704)","Nørre Søgade 37A, 1. 1, 1370 København K",0101,Egentlig beboelseslejlighed,Eget køkken med afløb,"Bolig i etageejendom, flerfamiliehus eller to-familiehus",Badeværelse i enheden,42, 1,42,Vandskyllende toilet i enheden,1, 1,-
255," Nørre Søgade 37A, 3. 3 1370 København K ",2230000.0,2017-10-10, Handelstype Alm. frit salg,https://www.boliga.dk//salg/info/101/976327/D9FB973D-16B1-4C37-9F6E-ECF0F0CB00AF,https://www.boliga.dk//bbrinfo/d9fb973d-16b1-4c37-9f6e-ecf0f0cb00af,"(55.68255117, 12.56223704)","Nørre Søgade 37A, 1. 1, 1370 København K",0101,Egentlig beboelseslejlighed,Eget køkken med afløb,"Bolig i etageejendom, flerfamiliehus eller to-familiehus",Badeværelse i enheden,38, 1,38,Vandskyllende toilet i enheden,1, 1,-
256," Nørre Søgade 37A, 3. 3 1370 København K ",1750000.0,2015-08-01, Handelstype Alm. frit salg,https://www.boliga.dk//salg/info/101/976327/D9FB973D-16B1-4C37-9F6E-ECF0F0CB00AF,https://www.boliga.dk//bbrinfo/d9fb973d-16b1-4c37-9f6e-ecf0f0cb00af,"(55.68255117, 12.56223704)","Nørre Søgade 37A, 1. 1, 1370 København K",0101,Egentlig beboelseslejlighed,Eget køkken med afløb,"Bolig i etageejendom, flerfamiliehus eller to-familiehus",Badeværelse i enheden,38, 1,38,Vandskyllende toilet i enheden,1, 1,-
257," Nørre Søgade 37A, 3. 3 1370 København K ",1395000.0,2012-06-02, Handelstype Alm. frit salg,https://www.boliga.dk//salg/info/101/976327/D9FB973D-16B1-4C37-9F6E-ECF0F0CB00AF,https://www.boliga.dk//bbrinfo/d9fb973d-16b1-4c37-9f6e-ecf0f0cb00af,"(55.68255117, 12.56223704)","Nørre Søgade 37A, 1. 1, 1370 København K",0101,Egentlig beboelseslejlighed,Eget køkken med afløb,"Bolig i etageejendom, flerfamiliehus eller to-familiehus",Badeværelse i enheden,38, 1,38,Vandskyllende toilet i enheden,1, 1,-
265," Nørre Søgade 9B, 4. th 1370 København K ",2465000.0,2017-09-30, Handelstype Familieoverdragelse,https://www.boliga.dk//salg/info/101/411176/D50FA051-CDDD-4A54-BC0C-84E540DD2467,https://www.boliga.dk//bbrinfo/d50fa051-cddd-4a54-bc0c-84e540dd2467,"(55.68493639, 12.56472852)","Nørre Søgade 9B, kl., 1370 København K",0101,Egentlig beboelseslejlighed,Eget køkken med afløb,"Bolig i etageejendom, flerfamiliehus eller to-familiehus",Badeværelse i enheden,115, 1,115,Vandskyllende toilet i enheden,3, 1,-
266," Nørre Søgade 9B, 4. th 1370 København K ",4650000.0,2015-01-02, Handelstype Alm. frit salg,https://www.boliga.dk//salg/info/101/411176/D50FA051-CDDD-4A54-BC0C-84E540DD2467,https://www.boliga.dk//bbrinfo/d50fa051-cddd-4a54-bc0c-84e540dd2467,"(55.68493639, 12.56472852)","Nørre Søgade 9B, kl., 1370 København K",0101,Egentlig beboelseslejlighed,Eget køkken med afløb,"Bolig i etageejendom, flerfamiliehus eller to-familiehus",Badeværelse i enheden,115, 1,115,Vandskyllende toilet i enheden,3, 1,-
267," Nørre Søgade 9B, 4. th 1370 København K ",3995000.0,2013-04-01, Handelstype Alm. frit salg,https://www.boliga.dk//salg/info/101/411176/D50FA051-CDDD-4A54-BC0C-84E540DD2467,https://www.boliga.dk//bbrinfo/d50fa051-cddd-4a54-bc0c-84e540dd2467,"(55.68493639, 12.56472852)","Nørre Søgade 9B, kl., 1370 København K",0101,Egentlig beboelseslejlighed,Eget køkken med afløb,"Bolig i etageejendom, flerfamiliehus eller to-familiehus",Badeværelse i enheden,115, 1,115,Vandskyllende toilet i enheden,3, 1,-
271," Nørre Søgade 37B, 5. 4 1370 København K ",2175000.0,2017-06-02, Handelstype Familieoverdragelse,https://www.boliga.dk//salg/info/101/976807/494C9E53-2C04-4BFE-9AE8-3D4CD8EF5ADB,https://www.boliga.dk//bbrinfo/494c9e53-2c04-4bfe-9ae8-3d4cd8ef5adb,"(55.68240579, 12.5621062)","Nørre Søgade 37B, 1. 1, 1370 København K",0101,Egentlig beboelseslejlighed,Eget køkken med afløb,"Bolig i etageejendom, flerfamiliehus eller to-familiehus",Badeværelse i enheden,42, 1,42,Vandskyllende toilet i enheden,1, 1,-
277," Nørre Søgade 37A, st. tv 1370 København K ",5700000.0,2017-08-09, Handelstype Alm. frit salg,https://www.boliga.dk//salg/info/101/976149/CA535846-93EF-4028-8EB0-824FB3280375,https://www.boliga.dk//bbrinfo/ca535846-93ef-4028-8eb0-824fb3280375,"(55.68255117, 12.56223704)","Nørre Søgade 37A, 1. 1, 1370 København K",0101,Egentlig beboelseslejlighed,Eget køkken med afløb,"Bolig i etageejendom, flerfamiliehus eller to-familiehus",Badeværelse i enheden,154, 1,154,Vandskyllende toilet i enheden,5, 1,-
278," Nørre Søgade 37A, st. tv 1370 København K ",2926000.0,2016-02-02, Handelstype Alm. frit salg,https://www.boliga.dk//salg/info/101/976149/CA535846-93EF-4028-8EB0-824FB3280375,https://www.boliga.dk//bbrinfo/ca535846-93ef-4028-8eb0-824fb3280375,"(55.68255117, 12.56223704)","Nørre Søgade 37A, 1. 1, 1370 København K",0101,Egentlig beboelseslejlighed,Eget køkken med afløb,"Bolig i etageejendom, flerfamiliehus eller to-familiehus",Badeværelse i enheden,154, 1,154,Vandskyllende toilet i enheden,5, 1,-
279," Nørre Søgade 37A, st. tv 1370 København K ",6300000.0,2015-01-01, Handelstype Alm. frit salg,https://www.boliga.dk//salg/info/101/976149/CA535846-93EF-4028-8EB0-824FB3280375,https://www.boliga.dk//bbrinfo/ca535846-93ef-4028-8eb0-824fb3280375,"(55.68255117, 12.56223704)","Nørre Søgade 37A, 1. 1, 1370 København K",0101,Egentlig beboelseslejlighed,Eget køkken med afløb,"Bolig i etageejendom, flerfamiliehus eller to-familiehus",Badeværelse i enheden,154, 1,154,Vandskyllende toilet i enheden,5, 1,-
280," Nørre Søgade 37A, st. th 1370 København K ",4695000.0,2017-04-20, Handelstype Alm. frit salg,https://www.boliga.dk//salg/info/101/18570/D24A177B-D68C-45EF-85CA-5310B118717B,https://www.boliga.dk//bbrinfo/d24a177b-d68c-45ef-85ca-5310b118717b,"(55.68255117, 12.56223704)","Nørre Søgade 37A, 1. 1, 1370 København K",0101,Egentlig beboelseslejlighed,Eget køkken med afløb,"Bolig i etageejendom, flerfamiliehus eller to-familiehus",Badeværelse i enheden,115, 1,115,Vandskyllende toilet i enheden,3, 1,-
281," Nørre Søgade 37A, st. th 1370 København K ",2278500.0,2016-02-08, Handelstype Alm. frit salg,https://www.boliga.dk//salg/info/101/18570/D24A177B-D68C-45EF-85CA-5310B118717B,https://www.boliga.dk//bbrinfo/d24a177b-d68c-45ef-85ca-5310b118717b,"(55.68255117, 12.56223704)","Nørre Søgade 37A, 1. 1, 1370 København K",0101,Egentlig beboelseslejlighed,Eget køkken med afløb,"Bolig i etageejendom, flerfamiliehus eller to-familiehus",Badeværelse i enheden,115, 1,115,Vandskyllende toilet i enheden,3, 1,-
282," Nørre Søgade 9B, 5. tv 1370 København K ",3300000.0,2017-08-02, Handelstype Alm. frit salg,https://www.boliga.dk//salg/info/101/411206/2A965772-0D7D-453F-9812-4B2C0C11F211,https://www.boliga.dk//bbrinfo/2a965772-0d7d-453f-9812-4b2c0c11f211,"(55.68493639, 12.56472852)","Nørre Søgade 9B, kl., 1370 København K",0101,Egentlig beboelseslejlighed,Eget køkken med afløb,"Bolig i etageejendom, flerfamiliehus eller to-familiehus",Badeværelse i enheden,67, 1,67,Vandskyllende toilet i enheden,3, 1,-
288," Nørre Søgade 37A, 5. 5 1370 København K ",4200000.0,2017-03-02, Handelstype Alm. frit salg,https://www.boliga.dk//salg/info/101/976459/3AE8E33C-FF34-4DB5-9A50-C38D93E3588A,https://www.boliga.dk//bbrinfo/3ae8e33c-ff34-4db5-9a50-c38d93e3588a,"(55.68255117, 12.56223704)","Nørre Søgade 37A, 1. 1, 1370 København K",0101,Egentlig beboelseslejlighed,Eget køkken med afløb,"Bolig i etageejendom, flerfamiliehus eller to-familiehus",Badeværelse i enheden,99, 1,99,Vandskyllende toilet i enheden,2, 1,-
292," Nørre Søgade 37C, st. th 1370 København K ",3100000.0,2016-09-02, Handelstype Alm. frit salg,https://www.boliga.dk//salg/info/101/155340/B30E011A-92FB-4573-8CEF-71CFA470CAA0,https://www.boliga.dk//bbrinfo/b30e011a-92fb-4573-8cef-71cfa470caa0,"(55.68234592, 12.56196324)","Nørre Søgade 37C, 1. 1, 1370 København K",0101,Egentlig beboelseslejlighed,Eget køkken med afløb,"Bolig i etageejendom, flerfamiliehus eller to-familiehus",Badeværelse i enheden,101, 1,101,Vandskyllende toilet i enheden,3, 1,-
293," Nørre Søgade 37B, st. th 1370 København K ",1720000.0,2016-05-01, Handelstype Alm. frit salg,https://www.boliga.dk//salg/info/101/155510/9C51DC94-E7E4-4563-9D0A-49A9D88A86A7,https://www.boliga.dk//bbrinfo/9c51dc94-e7e4-4563-9d0a-49a9d88a86a7,"(55.68240579, 12.5621062)","Nørre Søgade 37B, 1. 1, 1370 København K",0101,Egentlig beboelseslejlighed,Eget køkken med afløb,"Bolig i etageejendom, flerfamiliehus eller to-familiehus",Badeværelse i enheden,43, 1,43,Vandskyllende toilet i enheden,1, 1,-
298," Nørre Søgade 37B, 4. 5 1370 København K ",2300000.0,2016-05-09, Handelstype Alm. frit salg,https://www.boliga.dk//salg/info/101/976769/4CE50E6F-BF6E-4A1C-B2A2-B4E65FBABE8E,https://www.boliga.dk//bbrinfo/4ce50e6f-bf6e-4a1c-b2a2-b4e65fbabe8e,"(55.68240579, 12.5621062)","Nørre Søgade 37B, 1. 1, 1370 København K",0101,Egentlig beboelseslejlighed,Eget køkken med afløb,"Bolig i etageejendom, flerfamiliehus eller to-familiehus",Badeværelse i enheden,97, 2,97,Vandskyllende toilet i enheden,3, 2,-
299," Nørre Søgade 37B, 4. 5 1370 København K ",1155400.0,2014-07-01, Handelstype Familieoverdragelse,https://www.boliga.dk//salg/info/101/976769/4CE50E6F-BF6E-4A1C-B2A2-B4E65FBABE8E,https://www.boliga.dk//bbrinfo/4ce50e6f-bf6e-4a1c-b2a2-b4e65fbabe8e,"(55.68240579, 12.5621062)","Nørre Søgade 37B, 1. 1, 1370 København K",0101,Egentlig beboelseslejlighed,Eget køkken med afløb,"Bolig i etageejendom, flerfamiliehus eller to-familiehus",Badeværelse i enheden,97, 2,97,Vandskyllende toilet i enheden,3, 2,-
300," Nørre Søgade 37B, 4. 5 1370 København K ",1250000.0,2009-04-02, Handelstype Alm. frit salg,https://www.boliga.dk//salg/info/101/976769/4CE50E6F-BF6E-4A1C-B2A2-B4E65FBABE8E,https://www.boliga.dk//bbrinfo/4ce50e6f-bf6e-4a1c-b2a2-b4e65fbabe8e,"(55.68240579, 12.5621062)","Nørre Søgade 37B, 1. 1, 1370 København K",0101,Egentlig beboelseslejlighed,Eget køkken med afløb,"Bolig i etageejendom, flerfamiliehus eller to-familiehus",Badeværelse i enheden,97, 2,97,Vandskyllende toilet i enheden,3, 2,-
304," Nørre Søgade 37A, 7. th 1370 København K ",4950000.0,2016-01-02, Handelstype Alm. frit salg,https://www.boliga.dk//salg/info/101/976548/8166E3D5-630A-43BC-A7D0-30F6BF704F6A,https://www.boliga.dk//bbrinfo/8166e3d5-630a-43bc-a7d0-30f6bf704f6a,"(55.68255117, 12.56223704)","Nørre Søgade 37A, 1. 1, 1370 København K",0101,Egentlig beboelseslejlighed,Eget køkken med afløb,"Bolig i etageejendom, flerfamiliehus eller to-familiehus",Badeværelse i enheden,114, 1,114,Vandskyllende toilet i enheden,3, 1,-
305," Nørre Søgade 37A, 7. th 1370 København K ",3950000.0,2009-04-02, Handelstype Alm. frit salg,https://www.boliga.dk//salg/info/101/976548/8166E3D5-630A-43BC-A7D0-30F6BF704F6A,https://www.boliga.dk//bbrinfo/8166e3d5-630a-43bc-a7d0-30f6bf704f6a,"(55.68255117, 12.56223704)","Nørre Søgade 37A, 1. 1, 1370 København K",0101,Egentlig beboelseslejlighed,Eget køkken med afløb,"Bolig i etageejendom, flerfamiliehus eller to-familiehus",Badeværelse i enheden,114, 1,114,Vandskyllende toilet i enheden,3, 1,-
310, Nørre Søgade 37D 1370 København K ,1886000.0,2016-02-01, Handelstype Alm. frit salg,https://www.boliga.dk//salg/info/101/18572/8D6363DE-833F-4321-A3C8-1327163DD476,https://www.boliga.dk//bbrinfo/8d6363de-833f-4321-a3c8-1327163dd476,"(55.68260498, 12.5622943)","Nørre Søgade 37D, 1370 København K",0101,Egentlig beboelseslejlighed,Eget køkken med afløb,"Bolig i etageejendom, flerfamiliehus eller to-familiehus",Badeværelse i enheden,92, 1,92,Vandskyllende toilet i enheden,3, 1,-
311," Nørre Søgade 37A, 2. 3 1370 København K ",1598000.0,2015-08-01, Handelstype Alm. frit salg,https://www.boliga.dk//salg/info/101/976270/859BDE8B-9602-4525-A388-7B6FF69C3B32,https://www.boliga.dk//bbrinfo/859bde8b-9602-4525-a388-7b6ff69c3b32,"(55.68255117, 12.56223704)","Nørre Søgade 37A, 1. 1, 1370 København K",0101,Egentlig beboelseslejlighed,Eget køkken med afløb,"Bolig i etageejendom, flerfamiliehus eller to-familiehus",Badeværelse i enheden,38, 1,38,Vandskyllende toilet i enheden,1, 1,-
314," Nørre Søgade 37A, 2. 4 1370 København K ",1475000.0,2015-07-01, Handelstype Alm. frit salg,https://www.boliga.dk//salg/info/101/976289/D44CF2C5-8355-4766-A551-A33516952A09,https://www.boliga.dk//bbrinfo/d44cf2c5-8355-4766-a551-a33516952a09,"(55.68255117, 12.56223704)","Nørre Søgade 37A, 1. 1, 1370 København K",0101,Egentlig beboelseslejlighed,Eget køkken med afløb,"Bolig i etageejendom, flerfamiliehus eller to-familiehus",Badeværelse i enheden,42, 1,42,Vandskyllende toilet i enheden,1, 1,-
315," Nørre Søgade 37A, 2. 4 1370 København K ",920000.0,2009-05-02, Handelstype Alm. frit salg,https://www.boliga.dk//salg/info/101/976289/D44CF2C5-8355-4766-A551-A33516952A09,https://www.boliga.dk//bbrinfo/d44cf2c5-8355-4766-a551-a33516952a09,"(55.68255117, 12.56223704)","Nørre Søgade 37A, 1. 1, 1370 København K",0101,Egentlig beboelseslejlighed,Eget køkken med afløb,"Bolig i etageejendom, flerfamiliehus eller to-familiehus",Badeværelse i enheden,42, 1,42,Vandskyllende toilet i enheden,1, 1,-
316," Nørre Søgade 37A, 2. 4 1370 København K ",442500.0,2007-03-01, Handelstype Salg i øvrigt,https://www.boliga.dk//salg/info/101/976289/D44CF2C5-8355-4766-A551-A33516952A09,https://www.boliga.dk//bbrinfo/d44cf2c5-8355-4766-a551-a33516952a09,"(55.68255117, 12.56223704)","Nørre Søgade 37A, 1. 1, 1370 København K",0101,Egentlig beboelseslejlighed,Eget køkken med afløb,"Bolig i etageejendom, flerfamiliehus eller to-familiehus",Badeværelse i enheden,42, 1,42,Vandskyllende toilet i enheden,1, 1,-
319," Nørre Søgade 37A, 1. 3 1370 København K ",1275000.0,2014-10-10, Handelstype Alm. frit salg,https://www.boliga.dk//salg/info/101/976211/1A9ECB24-61EE-4E93-B9B8-48D9EEB26F61,https://www.boliga.dk//bbrinfo/1a9ecb24-61ee-4e93-b9b8-48d9eeb26f61,"(55.68255117, 12.56223704)","Nørre Søgade 37A, 1. 1, 1370 København K",0101,Egentlig beboelseslejlighed,Eget køkken med afløb,"Bolig i etageejendom, flerfamiliehus eller to-familiehus",Badeværelse i enheden,38, 1,38,Vandskyllende toilet i enheden,1, 1,-
320," Nørre Søgade 37A, 1. 3 1370 København K ",1020000.0,2007-08-01, Handelstype Familieoverdragelse,https://www.boliga.dk//salg/info/101/976211/1A9ECB24-61EE-4E93-B9B8-48D9EEB26F61,https://www.boliga.dk//bbrinfo/1a9ecb24-61ee-4e93-b9b8-48d9eeb26f61,"(55.68255117, 12.56223704)","Nørre Søgade 37A, 1. 1, 1370 København K",0101,Egentlig beboelseslejlighed,Eget køkken med afløb,"Bolig i etageejendom, flerfamiliehus eller to-familiehus",Badeværelse i enheden,38, 1,38,Vandskyllende toilet i enheden,1, 1,-
323," Nørre Søgade 37A, 5. 2 1370 København K ",1020000.0,2014-06-03, Handelstype Familieoverdragelse,https://www.boliga.dk//salg/info/101/976424/85CC3D1D-2655-45A4-8E0C-93628BA207BA,https://www.boliga.dk//bbrinfo/85cc3d1d-2655-45a4-8e0c-93628ba207ba,"(55.68255117, 12.56223704)","Nørre Søgade 37A, 1. 1, 1370 København K",0101,Egentlig beboelseslejlighed,Eget køkken med afløb,"Bolig i etageejendom, flerfamiliehus eller to-familiehus",Badeværelse i enheden,42, 1,42,Vandskyllende toilet i enheden,1, 1,-
326," Nørre Søgade 9B, 5. th 1370 København K ",3050736.0,2014-02-02, Handelstype Familieoverdragelse,https://www.boliga.dk//salg/info/101/411192/1B8B5205-0406-4160-B15C-54BC39F62F2B,https://www.boliga.dk//bbrinfo/1b8b5205-0406-4160-b15c-54bc39f62f2b,"(55.68493639, 12.56472852)","Nørre Søgade 9B, kl., 1370 København K",0101,Egentlig beboelseslejlighed,Eget køkken med afløb,"Bolig i etageejendom, flerfamiliehus eller to-familiehus",Badeværelse i enheden,88, 1,88,Vandskyllende toilet i enheden,4, 1,-
327," Nørre Søgade 9B, 5. th 1370 København K ",3000000.0,2007-05-02, Handelstype Alm. frit salg,https://www.boliga.dk//salg/info/101/411192/1B8B5205-0406-4160-B15C-54BC39F62F2B,https://www.boliga.dk//bbrinfo/1b8b5205-0406-4160-b15c-54bc39f62f2b,"(55.68493639, 12.56472852)","Nørre Søgade 9B, kl., 1370 København K",0101,Egentlig beboelseslejlighed,Eget køkken med afløb,"Bolig i etageejendom, flerfamiliehus eller to-familiehus",Badeværelse i enheden,88, 1,88,Vandskyllende toilet i enheden,4, 1,-
330," Nørre Søgade 9A, st. th 1370 København K ",3550000.0,2014-01-09, Handelstype Alm. frit salg,https://www.boliga.dk//salg/info/101/411060/297B878A-2F76-42B6-8EF1-885E5BA0CE54,https://www.boliga.dk//bbrinfo/297b878a-2f76-42b6-8ef1-885e5ba0ce54,"(55.68500937, 12.56448226)","Nørre Søgade 9A, kl., 1370 København K",0101,Egentlig beboelseslejlighed,Eget køkken med afløb,"Bolig i etageejendom, flerfamiliehus eller to-familiehus",Badeværelse i enheden,104, 1,104,Vandskyllende toilet i enheden,4, 1,-
334," Nørre Søgade 37A, 6. 4 1370 København K ",1495000.0,2013-11-06, Handelstype Alm. frit salg,https://www.boliga.dk//salg/info/101/976491/1EAF5FE2-D8BE-4EA3-BFAA-31AECB47C7EA,https://www.boliga.dk//bbrinfo/1eaf5fe2-d8be-4ea3-bfaa-31aecb47c7ea,"(55.68255117, 12.56223704)","Nørre Søgade 37A, 1. 1, 1370 København K",0101,Egentlig beboelseslejlighed,Eget køkken med afløb,"Bolig i etageejendom, flerfamiliehus eller to-familiehus",Badeværelse i enheden,38, 1,38,Vandskyllende toilet i enheden,1, 1,-
336," Nørre Søgade 37C, 2. 3 1370 København K ",1425000.0,2013-04-01, Handelstype Alm. frit salg,https://www.boliga.dk//salg/info/101/976971/DC741EFB-1D2D-46EA-89D3-5FFB41049DB7,https://www.boliga.dk//bbrinfo/dc741efb-1d2d-46ea-89d3-5ffb41049db7,"(55.68234592, 12.56196324)","Nørre Søgade 37C, 1. 1, 1370 København K",0101,Egentlig beboelseslejlighed,Eget køkken med afløb,"Bolig i etageejendom, flerfamiliehus eller to-familiehus",Badeværelse i enheden,43, 1,43,Vandskyllende toilet i enheden,1, 1,-
340," Nørre Søgade 19, st. th 1370 København K ",3900000.0,2013-09-02, Handelstype Alm. frit salg,https://www.boliga.dk//salg/info/101/793362/32D04666-1851-4109-A657-9716473CBF8E,https://www.boliga.dk//bbrinfo/32d04666-1851-4109-a657-9716473cbf8e,"(55.68450046, 12.56392772)","Nørre Søgade 19, 1. th, 1370 København K",0101,Egentlig beboelseslejlighed,Eget køkken med afløb,"Bolig i etageejendom, flerfamiliehus eller to-familiehus",Badeværelse i enheden,136, 1,136,Vandskyllende toilet i enheden,5, 1,-
342," Nørre Søgade 9A, st. tv 1370 København K ",0.0,2020-08-02, Handelstype Familieoverdragelse,https://www.boliga.dk//salg/info/101/411079/E021BF5E-B550-4130-9335-8CAA3CBA7EA6,https://www.boliga.dk//bbrinfo/e021bf5e-b550-4130-9335-8caa3cba7ea6,"(55.68500937, 12.56448226)","Nørre Søgade 9A, kl., 1370 København K",0101,Egentlig beboelseslejlighed,Eget køkken med afløb,"Bolig i etageejendom, flerfamiliehus eller to-familiehus",Badeværelse i enheden,151, 1,151,Vandskyllende toilet i enheden,5, 1,-
343," Nørre Søgade 9A, st. tv 1370 København K ",3745000.0,2013-04-07, Handelstype Alm. frit salg,https://www.boliga.dk//salg/info/101/411079/E021BF5E-B550-4130-9335-8CAA3CBA7EA6,https://www.boliga.dk//bbrinfo/e021bf5e-b550-4130-9335-8caa3cba7ea6,"(55.68500937, 12.56448226)","Nørre Søgade 9A, kl., 1370 København K",0101,Egentlig beboelseslejlighed,Eget køkken med afløb,"Bolig i etageejendom, flerfamiliehus eller to-familiehus",Badeværelse i enheden,151, 1,151,Vandskyllende toilet i enheden,5, 1,-
346," Nørre Søgade 37C, 7. th 1370 København K ",3300000.0,2013-01-03, Handelstype Alm. frit salg,https://www.boliga.dk//salg/info/101/977196/DFF92AB5-C003-4178-9B3E-E31DCFE2696A,https://www.boliga.dk//bbrinfo/dff92ab5-c003-4178-9b3e-e31dcfe2696a,"(55.68234592, 12.56196324)","Nørre Søgade 37C, 1. 1, 1370 København K",0101,Egentlig beboelseslejlighed,Eget køkken med afløb,"Bolig i etageejendom, flerfamiliehus eller to-familiehus",Badeværelse i enheden,84, 1,84,Vandskyllende toilet i enheden,3, 1,-
347," Nørre Søgade 19, 4. th 1370 København K ",4000000.0,2013-01-03, Handelstype Alm. frit salg,https://www.boliga.dk//salg/info/101/793443/6DB61420-2BDA-4063-A6EF-DFA78A32372C,https://www.boliga.dk//bbrinfo/6db61420-2bda-4063-a6ef-dfa78a32372c,"(55.68450046, 12.56392772)","Nørre Søgade 19, 1. th, 1370 København K",0101,Egentlig beboelseslejlighed,Eget køkken med afløb,"Bolig i etageejendom, flerfamiliehus eller to-familiehus",Badeværelse i enheden,136, 1,136,Vandskyllende toilet i enheden,5, 1,-
350," Nørre Søgade 37C, 5. 4 1370 København K ",1698000.0,2012-08-02, Handelstype Alm. frit salg,https://www.boliga.dk//salg/info/101/977129/EB06E6C0-09E4-4DD1-91DB-1627F18DF734,https://www.boliga.dk//bbrinfo/eb06e6c0-09e4-4dd1-91db-1627f18df734,"(55.68234592, 12.56196324)","Nørre Søgade 37C, 1. 1, 1370 København K",0101,Egentlig beboelseslejlighed,Eget køkken med afløb,"Bolig i etageejendom, flerfamiliehus eller to-familiehus",Badeværelse i enheden,57, 1,57,Vandskyllende toilet i enheden,2, 1,-
354," Nørre Søgade 19, 1. th 1370 København K ",3795000.0,2012-08-02, Handelstype Alm. frit salg,https://www.boliga.dk//salg/info/101/793389/0863BAD6-6FA8-4157-990D-4F9093062E15,https://www.boliga.dk//bbrinfo/0863bad6-6fa8-4157-990d-4f9093062e15,"(55.68450046, 12.56392772)","Nørre Søgade 19, 1. th, 1370 København K",0101,Egentlig beboelseslejlighed,Eget køkken med afløb,"Bolig i etageejendom, flerfamiliehus eller to-familiehus",Badeværelse i enheden,136, 1,136,Vandskyllende toilet i enheden,5, 1,-
357," Nørre Søgade 37B, 7. th 1370 København K ",3150000.0,2012-02-01, Handelstype Alm. frit salg,https://www.boliga.dk//salg/info/101/976904/4F5E8601-2096-4987-939C-C88982B1EA56,https://www.boliga.dk//bbrinfo/4f5e8601-2096-4987-939c-c88982b1ea56,"(55.68240579, 12.5621062)","Nørre Søgade 37B, 1. 1, 1370 København K",0101,Egentlig beboelseslejlighed,Eget køkken med afløb,"Bolig i etageejendom, flerfamiliehus eller to-familiehus",Badeværelse i enheden,82, 1,82,Vandskyllende toilet i enheden,3, 1,-
358," Nørre Søgade 37B, 7. th 1370 København K ",3145000.0,2010-06-01, Handelstype Alm. frit salg,https://www.boliga.dk//salg/info/101/976904/4F5E8601-2096-4987-939C-C88982B1EA56,https://www.boliga.dk//bbrinfo/4f5e8601-2096-4987-939c-c88982b1ea56,"(55.68240579, 12.5621062)","Nørre Søgade 37B, 1. 1, 1370 København K",0101,Egentlig beboelseslejlighed,Eget køkken med afløb,"Bolig i etageejendom, flerfamiliehus eller to-familiehus",Badeværelse i enheden,82, 1,82,Vandskyllende toilet i enheden,3, 1,-
359," Nørre Søgade 37B, 7. th 1370 København K ",3395000.0,2009-06-08, Handelstype Alm. frit salg,https://www.boliga.dk//salg/info/101/976904/4F5E8601-2096-4987-939C-C88982B1EA56,https://www.boliga.dk//bbrinfo/4f5e8601-2096-4987-939c-c88982b1ea56,"(55.68240579, 12.5621062)","Nørre Søgade 37B, 1. 1, 1370 København K",0101,Egentlig beboelseslejlighed,Eget køkken med afløb,"Bolig i etageejendom, flerfamiliehus eller to-familiehus",Badeværelse i enheden,82, 1,82,Vandskyllende toilet i enheden,3, 1,-
360," Nørre Søgade 37C, 3. 3 1370 København K ",1225000.0,2011-12-09, Handelstype Alm. frit salg,https://www.boliga.dk//salg/info/101/977021/84D8535A-1DC7-4A61-8FB7-A40482BBBB76,https://www.boliga.dk//bbrinfo/84d8535a-1dc7-4a61-8fb7-a40482bbbb76,"(55.68234592, 12.56196324)","Nørre Søgade 37C, 1. 1, 1370 København K",0101,Egentlig beboelseslejlighed,Eget køkken med afløb,"Bolig i etageejendom, flerfamiliehus eller to-familiehus",Badeværelse i enheden,43, 1,43,Vandskyllende toilet i enheden,1, 1,-
361," Nørre Søgade 37C, 3. 3 1370 København K ",1100000.0,2008-08-02, Handelstype Alm. frit salg,https://www.boliga.dk//salg/info/101/977021/84D8535A-1DC7-4A61-8FB7-A40482BBBB76,https://www.boliga.dk//bbrinfo/84d8535a-1dc7-4a61-8fb7-a40482bbbb76,"(55.68234592, 12.56196324)","Nørre Søgade 37C, 1. 1, 1370 København K",0101,Egentlig beboelseslejlighed,Eget køkken med afløb,"Bolig i etageejendom, flerfamiliehus eller to-familiehus",Badeværelse i enheden,43, 1,43,Vandskyllende toilet i enheden,1, 1,-
365," Nørre Søgade 9A, 3. tv 1370 København K ",4400000.0,2011-02-02, Handelstype Alm. frit salg,https://www.boliga.dk//salg/info/101/411001/05185363-2EDF-4E50-86C3-3AADE1273F2D,https://www.boliga.dk//bbrinfo/05185363-2edf-4e50-86c3-3aade1273f2d,"(55.68500937, 12.56448226)","Nørre Søgade 9A, kl., 1370 København K",0101,Egentlig beboelseslejlighed,Eget køkken med afløb,"Bolig i etageejendom, flerfamiliehus eller to-familiehus",Badeværelse i enheden,151, 1,151,Vandskyllende toilet i enheden,6, 1,-
367," Nørre Søgade 19, 2. tv 1370 København K ",4365000.0,2011-05-10, Handelstype Alm. frit salg,https://www.boliga.dk//salg/info/101/793397/41747399-9BF7-4F75-9980-ED66AB68AE88,https://www.boliga.dk//bbrinfo/41747399-9bf7-4f75-9980-ed66ab68ae88,"(55.68450046, 12.56392772)","Nørre Søgade 19, 1. th, 1370 København K",0101,Egentlig beboelseslejlighed,Eget køkken med afløb,"Bolig i etageejendom, flerfamiliehus eller to-familiehus",Badeværelse i enheden,136, 1,136,Vandskyllende toilet i enheden,5, 1,-
368," Nørre Søgade 19, 2. tv 1370 København K ",2950000.0,2009-05-02, Handelstype Alm. frit salg,https://www.boliga.dk//salg/info/101/793397/41747399-9BF7-4F75-9980-ED66AB68AE88,https://www.boliga.dk//bbrinfo/41747399-9bf7-4f75-9980-ed66ab68ae88,"(55.68450046, 12.56392772)","Nørre Søgade 19, 1. th, 1370 København K",0101,Egentlig beboelseslejlighed,Eget køkken med afløb,"Bolig i etageejendom, flerfamiliehus eller to-familiehus",Badeværelse i enheden,136, 1,136,Vandskyllende toilet i enheden,5, 1,-
369," Nørre Søgade 19, 3. th 1370 København K ",4105000.0,2011-02-01, Handelstype Alm. frit salg,https://www.boliga.dk//salg/info/101/793427/4339BEA4-4A53-49B8-A0D0-1EF67A5E475E,https://www.boliga.dk//bbrinfo/4339bea4-4a53-49b8-a0d0-1ef67a5e475e,"(55.68450046, 12.56392772)","Nørre Søgade 19, 1. th, 1370 København K",0101,Egentlig beboelseslejlighed,Eget køkken med afløb,"Bolig i etageejendom, flerfamiliehus eller to-familiehus",Badeværelse i enheden,136, 1,136,Vandskyllende toilet i enheden,4, 1,-
373," Nørre Søgade 37B, 2. 2 1370 København K ",1000000.0,2011-01-01, Handelstype Alm. frit salg,https://www.boliga.dk//salg/info/101/976610/6757C500-4F64-4A7E-8BCE-80BE1AD05A4A,https://www.boliga.dk//bbrinfo/6757c500-4f64-4a7e-8bce-80be1ad05a4a,"(55.68240579, 12.5621062)","Nørre Søgade 37B, 1. 1, 1370 København K",0101,Egentlig beboelseslejlighed,Eget køkken med afløb,"Bolig i etageejendom, flerfamiliehus eller to-familiehus",Badeværelse i enheden,42, 1,42,Vandskyllende toilet i enheden,1, 1,-
376," Nørre Søgade 37B, 3. 2 1370 København K ",1261300.0,2010-01-02, Handelstype Familieoverdragelse,https://www.boliga.dk//salg/info/101/976661/CA57E06A-1928-4682-A8E4-49F52E4B8D03,https://www.boliga.dk//bbrinfo/ca57e06a-1928-4682-a8e4-49f52e4b8d03,"(55.68240579, 12.5621062)","Nørre Søgade 37B, 1. 1, 1370 København K",0101,Egentlig beboelseslejlighed,Eget køkken med afløb,"Bolig i etageejendom, flerfamiliehus eller to-familiehus",Badeværelse i enheden,42, 1,42,Vandskyllende toilet i enheden,1, 1,-
379," Nørre Søgade 37C, 4. 4 1370 København K ",1635000.0,2010-05-02, Handelstype Alm. frit salg,https://www.boliga.dk//salg/info/101/977080/A7B9093C-9498-42C3-9507-2A1654B2B319,https://www.boliga.dk//bbrinfo/a7b9093c-9498-42c3-9507-2a1654b2b319,"(55.68234592, 12.56196324)","Nørre Søgade 37C, 1. 1, 1370 København K",0101,Egentlig beboelseslejlighed,Eget køkken med afløb,"Bolig i etageejendom, flerfamiliehus eller to-familiehus",Badeværelse i enheden,57, 1,57,Vandskyllende toilet i enheden,2, 1,-
381," Nørre Søgade 37B, st. tv 1370 København K ",1750000.0,2009-05-04, Handelstype Alm. frit salg,https://www.boliga.dk//salg/info/101/155480/B253849F-A09F-4643-83FE-FC088883B163,https://www.boliga.dk//bbrinfo/b253849f-a09f-4643-83fe-fc088883b163,"(55.68240579, 12.5621062)","Nørre Søgade 37B, 1. 1, 1370 København K",0101,Egentlig beboelseslejlighed,Eget køkken med afløb,"Bolig i etageejendom, flerfamiliehus eller to-familiehus",Badeværelse i enheden,82, 1,82,Vandskyllende toilet i enheden,3, 1,-
383," Nørre Søgade 37C, 7. tv 1370 København K ",7199000.0,2009-07-01, Handelstype Alm. frit salg,https://www.boliga.dk//salg/info/101/977188/DA2A548D-AB84-4C25-BC6F-ABE324D70A01,https://www.boliga.dk//bbrinfo/da2a548d-ab84-4c25-bc6f-abe324d70a01,"(55.68234592, 12.56196324)","Nørre Søgade 37C, 1. 1, 1370 København K",0101,Egentlig beboelseslejlighed,Eget køkken med afløb,"Bolig i etageejendom, flerfamiliehus eller to-familiehus",Badeværelse i enheden,172, 2,172,Vandskyllende toilet i enheden,3, 2,-
384," Nørre Søgade 37B, 7. tv 1370 København K ",3200000.0,2008-09-01, Handelstype Alm. frit salg,https://www.boliga.dk//salg/info/101/976882/77BFF27A-B21E-4BB7-A462-CC08A26D7CFD,https://www.boliga.dk//bbrinfo/77bff27a-b21e-4bb7-a462-cc08a26d7cfd,"(55.68240579, 12.5621062)","Nørre Søgade 37B, 1. 1, 1370 København K",0101,Egentlig beboelseslejlighed,Eget køkken med afløb,"Bolig i etageejendom, flerfamiliehus eller to-familiehus",Badeværelse i enheden,65, 1,65,Vandskyllende toilet i enheden,2, 1,-
388," Nørre Søgade 37A, 4. 1 1370 København K ",1675000.0,2007-02-01, Handelstype Alm. frit salg,https://www.boliga.dk//salg/info/101/976351/DEAD9FA3-3FA1-4DBD-880F-5FB0BE49CC69,https://www.boliga.dk//bbrinfo/dead9fa3-3fa1-4dbd-880f-5fb0be49cc69,"(55.68255117, 12.56223704)","Nørre Søgade 37A, 1. 1, 1370 København K",0101,Egentlig beboelseslejlighed,Eget køkken med afløb,"Bolig i etageejendom, flerfamiliehus eller to-familiehus",Badeværelse i enheden,55, 1,55,Vandskyllende toilet i enheden,2, 1,-
390," Nørre Søgade 37B, 7. mf 1370 København K ",5750000.0,2007-09-06, Handelstype Alm. frit salg,https://www.boliga.dk//salg/info/101/976890/C0B403E9-2E57-4295-BEFE-523E79CC87C0,https://www.boliga.dk//bbrinfo/c0b403e9-2e57-4295-befe-523e79cc87c0,"(55.68240579, 12.5621062)","Nørre Søgade 37B, 1. 1, 1370 København K",0101,Egentlig beboelseslejlighed,Eget køkken med afløb,"Bolig i etageejendom, flerfamiliehus eller to-familiehus",Badeværelse i enheden,131, 1,131,Vandskyllende toilet i enheden,3, 1,-
393," Nørre Søgade 9B, st. th 1370 København K ",3000000.0,2007-08-02, Handelstype Alm. frit salg,https://www.boliga.dk//salg/info/101/411214/A6C1FB82-B17E-48EF-8A16-E9D2B23C9345,https://www.boliga.dk//bbrinfo/a6c1fb82-b17e-48ef-8a16-e9d2b23c9345,"(55.68493639, 12.56472852)","Nørre Søgade 9B, kl., 1370 København K",0101,Egentlig beboelseslejlighed,Eget køkken med afløb,"Bolig i etageejendom, flerfamiliehus eller to-familiehus",Badeværelse i enheden,115, 1,115,Vandskyllende toilet i enheden,4, 1,-
395," Nørre Søgade 9A, 4. tv 1370 København K ",2400000.0,2007-02-02, Handelstype Familieoverdragelse,https://www.boliga.dk//salg/info/101/411036/C3ADFCCF-0AF3-4C3F-BDEF-E39E2381BA75,https://www.boliga.dk//bbrinfo/c3adfccf-0af3-4c3f-bdef-e39e2381ba75,"(55.68500937, 12.56448226)","Nørre Søgade 9A, kl., 1370 København K",0101,Egentlig beboelseslejlighed,Eget køkken med afløb,"Bolig i etageejendom, flerfamiliehus eller to-familiehus",Badeværelse i enheden,151, 1,151,Vandskyllende toilet i enheden,4, 1,-
